4/4/2022,2021/22,Crystal Palace,Arsenal,3-0
4/3/2022,2021/22,West Ham United,Everton,2-1
4/3/2022,2021/22,Tottenham Hotspur,Newcastle United,5-1
4/2/2022,2021/22,Liverpool,Watford,2-0
4/2/2022,2021/22,Brighton and Hove Albion,Norwich City,0-0
4/2/2022,2021/22,Burnley,Manchester City,0-2
4/2/2022,2021/22,Chelsea,Brentford,1-4
4/2/2022,2021/22,Leeds United,Southampton,1-1
4/2/2022,2021/22,Wolverhampton Wanderers,Aston Villa,2-1
4/2/2022,2021/22,Manchester United,Leicester City,1-1
3/20/2022,2021/22,Leicester City,Brentford,2-1
3/20/2022,2021/22,Tottenham Hotspur,West Ham United,3-1
3/19/2022,2021/22,Aston Villa,Arsenal,0-1
3/18/2022,2021/22,Wolverhampton Wanderers,Leeds United,2-3
3/17/2022,2021/22,Everton,Newcastle United,1-0
3/16/2022,2021/22,Brighton and Hove Albion,Tottenham Hotspur,0-2
3/16/2022,2021/22,Arsenal,Liverpool,0-2
3/14/2022,2021/22,Crystal Palace,Manchester City,0-0
3/13/2022,2021/22,Chelsea,Newcastle United,1-0
3/13/2022,2021/22,Everton,Wolverhampton Wanderers,0-1
3/13/2022,2021/22,Leeds United,Norwich City,2-1
3/13/2022,2021/22,Southampton,Watford,1-2
3/13/2022,2021/22,West Ham United,Aston Villa,2-1
3/13/2022,2021/22,Arsenal,Leicester City,2-0
3/12/2022,2021/22,Brighton and Hove Albion,Liverpool,0-2
3/12/2022,2021/22,Brentford,Burnley,2-0
3/12/2022,2021/22,Manchester United,Tottenham Hotspur,3-2
3/10/2022,2021/22,Norwich City,Chelsea,1-3
3/10/2022,2021/22,Southampton,Newcastle United,1-2
3/10/2022,2021/22,Wolverhampton Wanderers,Watford,4-0
3/10/2022,2021/22,Leeds United,Aston Villa,0-3
3/7/2022,2021/22,Tottenham Hotspur,Everton,5-0
3/6/2022,2021/22,Watford,Arsenal,2-3
3/6/2022,2021/22,Manchester City,Manchester United,4-1
3/5/2022,2021/22,Aston Villa,Southampton,4-0
3/5/2022,2021/22,Burnley,Chelsea,0-4
3/5/2022,2021/22,Newcastle United,Brighton and Hove Albion,2-1
3/5/2022,2021/22,Norwich City,Brentford,1-3
3/5/2022,2021/22,Wolverhampton Wanderers,Crystal Palace,0-2
3/5/2022,2021/22,Liverpool,West Ham United,1-0
3/5/2022,2021/22,Leicester City,Leeds United,1-0
3/1/2022,2021/22,Burnley,Leicester City,0-2
2/27/2022,2021/22,West Ham United,Wolverhampton Wanderers,1-0
2/26/2022,2021/22,Leeds United,Tottenham Hotspur,0-4
2/26/2022,2021/22,Brentford,Newcastle United,0-2
2/26/2022,2021/22,Crystal Palace,Burnley,1-1
2/26/2022,2021/22,Manchester United,Watford,0-0
2/26/2022,2021/22,Brighton and Hove Albion,Aston Villa,0-2
2/26/2022,2021/22,Everton,Manchester City,0-1
2/25/2022,2021/22,Southampton,Norwich City,2-0
2/24/2022,2021/22,Arsenal,Wolverhampton Wanderers,2-1
2/23/2022,2021/22,Burnley,Tottenham Hotspur,1-0
2/23/2022,2021/22,Watford,Crystal Palace,1-4
2/23/2022,2021/22,Liverpool,Leeds United,6-0
2/20/2022,2021/22,Leeds United,Manchester United,2-4
2/20/2022,2021/22,Wolverhampton Wanderers,Leicester City,2-1
2/19/2022,2021/22,West Ham United,Newcastle United,1-1
2/19/2022,2021/22,Arsenal,Brentford,2-1
2/19/2022,2021/22,Aston Villa,Watford,0-1
2/19/2022,2021/22,Brighton and Hove Albion,Burnley,0-3
2/19/2022,2021/22,Crystal Palace,Chelsea,0-1
2/19/2022,2021/22,Liverpool,Norwich City,3-1
2/19/2022,2021/22,Southampton,Everton,2-0
2/19/2022,2021/22,Manchester City,Tottenham Hotspur,2-3
2/15/2022,2021/22,Manchester United,Brighton and Hove Albion,2-0
2/13/2022,2021/22,Burnley,Liverpool,0-1
2/13/2022,2021/22,Newcastle United,Aston Villa,1-0
2/13/2022,2021/22,Tottenham Hotspur,Wolverhampton Wanderers,0-2
2/13/2022,2021/22,Leicester City,West Ham United,2-2
2/12/2022,2021/22,Manchester United,Southampton,1-1
2/12/2022,2021/22,Brentford,Crystal Palace,0-0
2/12/2022,2021/22,Everton,Leeds United,3-0
2/12/2022,2021/22,Watford,Brighton and Hove Albion,0-2
2/12/2022,2021/22,Norwich City,Manchester City,0-4
2/10/2022,2021/22,Liverpool,Leicester City,2-0
2/10/2022,2021/22,Wolverhampton Wanderers,Arsenal,0-1
2/9/2022,2021/22,Manchester City,Brentford,2-0
2/9/2022,2021/22,Norwich City,Crystal Palace,1-1
2/9/2022,2021/22,Tottenham Hotspur,Southampton,2-3
2/9/2022,2021/22,Aston Villa,Leeds United,3-3
2/8/2022,2021/22,Newcastle United,Everton,3-1
2/8/2022,2021/22,West Ham United,Watford,1-0
2/8/2022,2021/22,Burnley,Manchester United,1-1
2/5/2022,2021/22,Burnley,Watford,0-0
1/23/2022,2021/22,Arsenal,Burnley,0-0
1/23/2022,2021/22,Crystal Palace,Liverpool,1-3
1/23/2022,2021/22,Leicester City,Brighton and Hove Albion,1-1
1/23/2022,2021/22,Chelsea,Tottenham Hotspur,2-0
1/22/2022,2021/22,Everton,Aston Villa,0-1
1/22/2022,2021/22,Brentford,Wolverhampton Wanderers,1-2
1/22/2022,2021/22,Leeds United,Newcastle United,0-1
1/22/2022,2021/22,Manchester United,West Ham United,1-0
1/22/2022,2021/22,Southampton,Manchester City,1-1
1/21/2022,2021/22,Watford,Norwich City,0-3
1/19/2022,2021/22,Leicester City,Tottenham Hotspur,2-3
1/19/2022,2021/22,Brentford,Manchester United,1-3
1/18/2022,2021/22,Brighton and Hove Albion,Chelsea,1-1
1/16/2022,2021/22,Liverpool,Brentford,3-0
1/16/2022,2021/22,West Ham United,Leeds United,2-3
1/15/2022,2021/22,Manchester City,Chelsea,1-0
1/15/2022,2021/22,Newcastle United,Watford,1-1
1/15/2022,2021/22,Norwich City,Everton,2-1
1/15/2022,2021/22,Wolverhampton Wanderers,Southampton,3-1
1/15/2022,2021/22,Aston Villa,Manchester United,2-2
1/14/2022,2021/22,Brighton and Hove Albion,Crystal Palace,1-1
1/12/2022,2021/22,West Ham United,Norwich City,2-0
1/11/2022,2021/22,Southampton,Brentford,4-1
1/3/2022,2021/22,Manchester United,Wolverhampton Wanderers,0-1
1/2/2022,2021/22,Brentford,Aston Villa,2-1
1/2/2022,2021/22,Everton,Brighton and Hove Albion,2-3
1/2/2022,2021/22,Leeds United,Burnley,3-1
1/2/2022,2021/22,Chelsea,Liverpool,2-2
1/1/2022,2021/22,Arsenal,Manchester City,1-2
1/1/2022,2021/22,Watford,Tottenham Hotspur,0-1
1/1/2022,2021/22,Crystal Palace,West Ham United,2-3
12/30/2021,2021/22,Manchester United,Burnley,3-1
12/29/2021,2021/22,Chelsea,Brighton and Hove Albion,1-1
12/29/2021,2021/22,Brentford,Manchester City,0-1
12/28/2021,2021/22,Crystal Palace,Norwich City,3-0
12/28/2021,2021/22,Leicester City,Liverpool,1-0
12/28/2021,2021/22,Southampton,Tottenham Hotspur,1-1
12/28/2021,2021/22,Watford,West Ham United,1-4
12/27/2021,2021/22,Newcastle United,Manchester United,1-1
12/26/2021,2021/22,Manchester City,Leicester City,6-3
12/26/2021,2021/22,Norwich City,Arsenal,0-5
12/26/2021,2021/22,Tottenham Hotspur,Crystal Palace,3-0
12/26/2021,2021/22,West Ham United,Southampton,2-3
12/26/2021,2021/22,Aston Villa,Chelsea,1-3
12/26/2021,2021/22,Brighton and Hove Albion,Brentford,2-0
12/19/2021,2021/22,Newcastle United,Manchester City,0-4
12/19/2021,2021/22,Wolverhampton Wanderers,Chelsea,0-0
12/19/2021,2021/22,Tottenham Hotspur,Liverpool,2-2
12/18/2021,2021/22,Leeds United,Arsenal,1-4
12/16/2021,2021/22,Chelsea,Everton,1-1
12/16/2021,2021/22,Liverpool,Newcastle United,3-1
12/15/2021,2021/22,Brighton and Hove Albion,Wolverhampton Wanderers,0-1
12/15/2021,2021/22,Crystal Palace,Southampton,2-2
12/15/2021,2021/22,Arsenal,West Ham United,2-0
12/14/2021,2021/22,Norwich City,Aston Villa,0-2
12/14/2021,2021/22,Manchester City,Leeds United,7-0
12/12/2021,2021/22,Burnley,West Ham United,0-0
12/12/2021,2021/22,Leicester City,Newcastle United,4-0
12/12/2021,2021/22,Crystal Palace,Everton,3-1
12/11/2021,2021/22,Manchester City,Wolverhampton Wanderers,1-0
12/11/2021,2021/22,Arsenal,Southampton,3-0
12/11/2021,2021/22,Chelsea,Leeds United,3-2
12/11/2021,2021/22,Liverpool,Aston Villa,1-0
12/11/2021,2021/22,Norwich City,Manchester United,0-1
12/10/2021,2021/22,Brentford,Watford,2-1
12/6/2021,2021/22,Everton,Arsenal,2-1
12/5/2021,2021/22,Leeds United,Brentford,2-2
12/5/2021,2021/22,Manchester United,Crystal Palace,1-0
12/5/2021,2021/22,Tottenham Hotspur,Norwich City,3-0
12/5/2021,2021/22,Aston Villa,Leicester City,2-1
12/4/2021,2021/22,West Ham United,Chelsea,3-2
12/4/2021,2021/22,Newcastle United,Burnley,1-0
12/4/2021,2021/22,Southampton,Brighton and Hove Albion,1-1
12/4/2021,2021/22,Wolverhampton Wanderers,Liverpool,0-1
12/4/2021,2021/22,Watford,Manchester City,1-3
12/2/2021,2021/22,Manchester United,Arsenal,3-2
12/2/2021,2021/22,Tottenham Hotspur,Brentford,2-0
12/1/2021,2021/22,Southampton,Leicester City,2-2
12/1/2021,2021/22,Watford,Chelsea,1-2
12/1/2021,2021/22,West Ham United,Brighton and Hove Albion,1-1
12/1/2021,2021/22,Wolverhampton Wanderers,Burnley,0-0
12/1/2021,2021/22,Aston Villa,Manchester City,1-2
12/1/2021,2021/22,Everton,Liverpool,1-4
11/30/2021,2021/22,Newcastle United,Norwich City,1-1
11/30/2021,2021/22,Leeds United,Crystal Palace,1-0
11/28/2021,2021/22,Brentford,Everton,1-0
11/28/2021,2021/22,Leicester City,Watford,4-2
11/28/2021,2021/22,Manchester City,West Ham United,2-1
11/28/2021,2021/22,Chelsea,Manchester United,1-1
11/27/2021,2021/22,Arsenal,Newcastle United,2-0
11/27/2021,2021/22,Crystal Palace,Aston Villa,1-2
11/27/2021,2021/22,Liverpool,Southampton,4-0
11/27/2021,2021/22,Norwich City,Wolverhampton Wanderers,0-0
11/27/2021,2021/22,Brighton and Hove Albion,Leeds United,0-0
11/21/2021,2021/22,Manchester City,Everton,3-0
11/21/2021,2021/22,Tottenham Hotspur,Leeds United,2-1
11/20/2021,2021/22,Leicester City,Chelsea,0-3
11/20/2021,2021/22,Aston Villa,Brighton and Hove Albion,2-0
11/20/2021,2021/22,Burnley,Crystal Palace,3-3
11/20/2021,2021/22,Newcastle United,Brentford,3-3
11/20/2021,2021/22,Norwich City,Southampton,2-1
11/20/2021,2021/22,Watford,Manchester United,4-1
11/20/2021,2021/22,Wolverhampton Wanderers,West Ham United,1-0
11/20/2021,2021/22,Liverpool,Arsenal,4-0
11/7/2021,2021/22,Arsenal,Watford,1-0
11/7/2021,2021/22,Everton,Tottenham Hotspur,0-0
11/7/2021,2021/22,Leeds United,Leicester City,1-1
11/7/2021,2021/22,West Ham United,Liverpool,3-2
11/6/2021,2021/22,Manchester United,Manchester City,0-2
11/6/2021,2021/22,Brentford,Norwich City,1-2
11/6/2021,2021/22,Chelsea,Burnley,1-1
11/6/2021,2021/22,Crystal Palace,Wolverhampton Wanderers,2-0
11/6/2021,2021/22,Brighton and Hove Albion,Newcastle United,1-1
11/5/2021,2021/22,Southampton,Aston Villa,1-0
11/1/2021,2021/22,Wolverhampton Wanderers,Everton,2-1
10/31/2021,2021/22,Aston Villa,West Ham United,1-4
10/31/2021,2021/22,Norwich City,Leeds United,1-2
10/30/2021,2021/22,Leicester City,Arsenal,0-2
10/30/2021,2021/22,Burnley,Brentford,3-1
10/30/2021,2021/22,Liverpool,Brighton and Hove Albion,2-2
10/30/2021,2021/22,Manchester City,Crystal Palace,0-2
10/30/2021,2021/22,Newcastle United,Chelsea,0-3
10/30/2021,2021/22,Watford,Southampton,0-1
10/30/2021,2021/22,Tottenham Hotspur,Manchester United,0-3
10/24/2021,2021/22,Brentford,Leicester City,1-2
10/24/2021,2021/22,West Ham United,Tottenham Hotspur,1-0
10/24/2021,2021/22,Manchester United,Liverpool,0-5
10/23/2021,2021/22,Chelsea,Norwich City,7-0
10/23/2021,2021/22,Crystal Palace,Newcastle United,1-1
10/23/2021,2021/22,Everton,Watford,2-5
10/23/2021,2021/22,Leeds United,Wolverhampton Wanderers,1-1
10/23/2021,2021/22,Southampton,Burnley,2-2
10/23/2021,2021/22,Brighton and Hove Albion,Manchester City,1-4
10/22/2021,2021/22,Arsenal,Aston Villa,3-1
10/18/2021,2021/22,Arsenal,Crystal Palace,2-2
10/17/2021,2021/22,Everton,West Ham United,0-1
10/17/2021,2021/22,Newcastle United,Tottenham Hotspur,2-3
10/16/2021,2021/22,Watford,Liverpool,0-5
10/16/2021,2021/22,Aston Villa,Wolverhampton Wanderers,2-3
10/16/2021,2021/22,Leicester City,Manchester United,4-2
10/16/2021,2021/22,Manchester City,Burnley,2-0
10/16/2021,2021/22,Norwich City,Brighton and Hove Albion,0-0
10/16/2021,2021/22,Southampton,Leeds United,1-0
10/16/2021,2021/22,Brentford,Chelsea,0-1
10/3/2021,2021/22,Crystal Palace,Leicester City,2-2
10/3/2021,2021/22,Tottenham Hotspur,Aston Villa,2-1
10/3/2021,2021/22,West Ham United,Brentford,1-2
10/3/2021,2021/22,Liverpool,Manchester City,2-2
10/2/2021,2021/22,Manchester United,Everton,1-1
10/2/2021,2021/22,Burnley,Norwich City,0-0
10/2/2021,2021/22,Chelsea,Southampton,3-1
10/2/2021,2021/22,Leeds United,Watford,1-0
10/2/2021,2021/22,Wolverhampton Wanderers,Newcastle United,2-1
10/2/2021,2021/22,Brighton and Hove Albion,Arsenal,0-0
9/27/2021,2021/22,Crystal Palace,Brighton and Hove Albion,1-1
9/26/2021,2021/22,Arsenal,Tottenham Hotspur,3-1
9/26/2021,2021/22,Southampton,Wolverhampton Wanderers,0-1
9/25/2021,2021/22,Chelsea,Manchester City,0-1
9/25/2021,2021/22,Manchester United,Aston Villa,0-1
9/25/2021,2021/22,Everton,Norwich City,2-0
9/25/2021,2021/22,Leeds United,West Ham United,1-2
9/25/2021,2021/22,Leicester City,Burnley,2-2
9/25/2021,2021/22,Watford,Newcastle United,1-1
9/25/2021,2021/22,Brentford,Liverpool,3-3
9/19/2021,2021/22,Brighton and Hove Albion,Leicester City,2-1
9/19/2021,2021/22,West Ham United,Manchester United,1-2
9/19/2021,2021/22,Tottenham Hotspur,Chelsea,0-3
9/18/2021,2021/22,Wolverhampton Wanderers,Brentford,0-2
9/18/2021,2021/22,Burnley,Arsenal,0-1
9/18/2021,2021/22,Liverpool,Crystal Palace,3-0
9/18/2021,2021/22,Manchester City,Southampton,0-0
9/18/2021,2021/22,Norwich City,Watford,1-3
9/18/2021,2021/22,Aston Villa,Everton,3-0
9/17/2021,2021/22,Newcastle United,Leeds United,1-1
9/13/2021,2021/22,Everton,Burnley,3-1
9/12/2021,2021/22,Leeds United,Liverpool,0-3
9/11/2021,2021/22,Crystal Palace,Tottenham Hotspur,3-0
9/11/2021,2021/22,Arsenal,Norwich City,1-0
9/11/2021,2021/22,Brentford,Brighton and Hove Albion,0-1
9/11/2021,2021/22,Leicester City,Manchester City,0-1
9/11/2021,2021/22,Manchester United,Newcastle United,4-1
9/11/2021,2021/22,Southampton,West Ham United,0-0
9/11/2021,2021/22,Watford,Wolverhampton Wanderers,0-2
9/11/2021,2021/22,Chelsea,Aston Villa,3-0
8/29/2021,2021/22,Burnley,Leeds United,1-1
8/29/2021,2021/22,Tottenham Hotspur,Watford,1-0
8/29/2021,2021/22,Wolverhampton Wanderers,Manchester United,0-1
8/28/2021,2021/22,Manchester City,Arsenal,5-0
8/28/2021,2021/22,Aston Villa,Brentford,1-1
8/28/2021,2021/22,Brighton and Hove Albion,Everton,0-2
8/28/2021,2021/22,Newcastle United,Southampton,2-2
8/28/2021,2021/22,Norwich City,Leicester City,1-2
8/28/2021,2021/22,West Ham United,Crystal Palace,2-2
8/28/2021,2021/22,Liverpool,Chelsea,1-1
8/23/2021,2021/22,West Ham United,Leicester City,4-1
8/22/2021,2021/22,Arsenal,Chelsea,0-2
8/22/2021,2021/22,Southampton,Manchester United,1-1
8/22/2021,2021/22,Wolverhampton Wanderers,Tottenham Hotspur,0-1
8/21/2021,2021/22,Liverpool,Burnley,2-0
8/21/2021,2021/22,Aston Villa,Newcastle United,2-0
8/21/2021,2021/22,Crystal Palace,Brentford,0-0
8/21/2021,2021/22,Leeds United,Everton,2-2
8/21/2021,2021/22,Manchester City,Norwich City,5-0
8/21/2021,2021/22,Brighton and Hove Albion,Watford,2-0
8/15/2021,2021/22,Newcastle United,West Ham United,2-4
8/15/2021,2021/22,Tottenham Hotspur,Manchester City,1-0
8/14/2021,2021/22,Manchester United,Leeds United,5-1
8/14/2021,2021/22,Burnley,Brighton and Hove Albion,1-2
8/14/2021,2021/22,Chelsea,Crystal Palace,3-0
8/14/2021,2021/22,Everton,Southampton,3-1
8/14/2021,2021/22,Leicester City,Wolverhampton Wanderers,1-0
8/14/2021,2021/22,Watford,Aston Villa,3-2
8/14/2021,2021/22,Norwich City,Liverpool,0-3
8/13/2021,2021/22,Brentford,Arsenal,2-0
5/23/2021,2020/21,Arsenal,Brighton and Hove Albion,2-0
5/23/2021,2020/21,Aston Villa,Chelsea,2-1
5/23/2021,2020/21,Fulham,Newcastle United,0-2
5/23/2021,2020/21,Leeds United,West Bromwich Albion,3-1
5/23/2021,2020/21,Leicester City,Tottenham Hotspur,2-4
5/23/2021,2020/21,Liverpool,Crystal Palace,2-0
5/23/2021,2020/21,Manchester City,Everton,5-0
5/23/2021,2020/21,Sheffield United,Burnley,1-0
5/23/2021,2020/21,West Ham United,Southampton,3-0
5/23/2021,2020/21,Wolverhampton Wanderers,Manchester United,1-2
5/19/2021,2020/21,Everton,Wolverhampton Wanderers,1-0
5/19/2021,2020/21,Newcastle United,Sheffield United,1-0
5/19/2021,2020/21,Tottenham Hotspur,Aston Villa,1-2
5/19/2021,2020/21,Crystal Palace,Arsenal,1-3
5/19/2021,2020/21,Burnley,Liverpool,0-3
5/19/2021,2020/21,West Bromwich Albion,West Ham United,1-3
5/18/2021,2020/21,Manchester United,Fulham,1-1
5/18/2021,2020/21,Southampton,Leeds United,0-2
5/18/2021,2020/21,Brighton and Hove Albion,Manchester City,3-2
5/18/2021,2020/21,Chelsea,Leicester City,2-1
5/16/2021,2020/21,Crystal Palace,Aston Villa,3-2
5/16/2021,2020/21,Tottenham Hotspur,Wolverhampton Wanderers,2-0
5/16/2021,2020/21,West Bromwich Albion,Liverpool,1-2
5/16/2021,2020/21,Everton,Sheffield United,0-1
5/15/2021,2020/21,Burnley,Leeds United,0-4
5/15/2021,2020/21,Southampton,Fulham,3-1
5/15/2021,2020/21,Brighton and Hove Albion,West Ham United,1-1
5/14/2021,2020/21,Newcastle United,Manchester City,3-4
5/13/2021,2020/21,Aston Villa,Everton,0-0
5/13/2021,2020/21,Manchester United,Liverpool,2-4
5/12/2021,2020/21,Chelsea,Arsenal,0-1
5/11/2021,2020/21,Manchester United,Leicester City,1-2
5/11/2021,2020/21,Southampton,Crystal Palace,3-1
5/10/2021,2020/21,Fulham,Burnley,0-2
5/9/2021,2020/21,Wolverhampton Wanderers,Brighton and Hove Albion,2-1
5/9/2021,2020/21,Aston Villa,Manchester United,1-3
5/9/2021,2020/21,West Ham United,Everton,0-1
5/9/2021,2020/21,Arsenal,West Bromwich Albion,3-1
5/8/2021,2020/21,Manchester City,Chelsea,1-2
5/8/2021,2020/21,Liverpool,Southampton,2-0
5/8/2021,2020/21,Leeds United,Tottenham Hotspur,3-1
5/8/2021,2020/21,Sheffield United,Crystal Palace,0-2
5/7/2021,2020/21,Leicester City,Newcastle United,2-4
5/3/2021,2020/21,West Bromwich Albion,Wolverhampton Wanderers,1-1
5/3/2021,2020/21,Burnley,West Ham United,1-2
5/2/2021,2020/21,Newcastle United,Arsenal,0-2
5/2/2021,2020/21,Tottenham Hotspur,Sheffield United,4-0
5/1/2021,2020/21,Crystal Palace,Manchester City,0-2
5/1/2021,2020/21,Brighton and Hove Albion,Leeds United,2-0
5/1/2021,2020/21,Chelsea,Fulham,2-0
5/1/2021,2020/21,Everton,Aston Villa,1-2
4/30/2021,2020/21,Southampton,Leicester City,1-1
4/26/2021,2020/21,Leicester City,Crystal Palace,2-1
4/25/2021,2020/21,Wolverhampton Wanderers,Burnley,0-4
4/25/2021,2020/21,Leeds United,Manchester United,0-0
4/25/2021,2020/21,Aston Villa,West Bromwich Albion,2-2
4/24/2021,2020/21,Liverpool,Newcastle United,1-1
4/24/2021,2020/21,West Ham United,Chelsea,0-1
4/24/2021,2020/21,Sheffield United,Brighton and Hove Albion,1-0
4/23/2021,2020/21,Arsenal,Everton,0-1
4/22/2021,2020/21,Leicester City,West Bromwich Albion,3-0
4/21/2021,2020/21,Tottenham Hotspur,Southampton,2-1
4/21/2021,2020/21,Aston Villa,Manchester City,1-2
4/20/2021,2020/21,Chelsea,Brighton and Hove Albion,0-0
4/19/2021,2020/21,Leeds United,Liverpool,1-1
4/18/2021,2020/21,Arsenal,Fulham,1-1
4/18/2021,2020/21,Manchester United,Burnley,3-1
4/17/2021,2020/21,Newcastle United,West Ham United,3-2
4/17/2021,2020/21,Wolverhampton Wanderers,Sheffield United,1-0
4/16/2021,2020/21,Everton,Tottenham Hotspur,2-2
4/12/2021,2020/21,West Bromwich Albion,Southampton,3-0
4/12/2021,2020/21,Brighton and Hove Albion,Everton,0-0
4/11/2021,2020/21,Burnley,Newcastle United,1-2
4/11/2021,2020/21,West Ham United,Leicester City,3-2
4/11/2021,2020/21,Tottenham Hotspur,Manchester United,1-3
4/11/2021,2020/21,Sheffield United,Arsenal,0-3
4/10/2021,2020/21,Manchester City,Leeds United,1-2
4/10/2021,2020/21,Liverpool,Aston Villa,2-1
4/10/2021,2020/21,Crystal Palace,Chelsea,1-4
4/9/2021,2020/21,Fulham,Wolverhampton Wanderers,0-1
4/5/2021,2020/21,Everton,Crystal Palace,1-1
4/5/2021,2020/21,Wolverhampton Wanderers,West Ham United,2-3
4/4/2021,2020/21,Southampton,Burnley,3-2
4/4/2021,2020/21,Newcastle United,Tottenham Hotspur,2-2
4/4/2021,2020/21,Aston Villa,Fulham,3-1
4/4/2021,2020/21,Manchester United,Brighton and Hove Albion,2-1
4/3/2021,2020/21,Chelsea,West Bromwich Albion,2-5
4/3/2021,2020/21,Leeds United,Sheffield United,2-1
4/3/2021,2020/21,Leicester City,Manchester City,0-2
4/3/2021,2020/21,Arsenal,Liverpool,0-3
3/21/2021,2020/21,West Ham United,Arsenal,3-3
3/21/2021,2020/21,Aston Villa,Tottenham Hotspur,0-2
3/20/2021,2020/21,Brighton and Hove Albion,Newcastle United,3-0
3/19/2021,2020/21,Fulham,Leeds United,1-2
3/15/2021,2020/21,Wolverhampton Wanderers,Liverpool,0-1
3/14/2021,2020/21,Southampton,Brighton and Hove Albion,1-2
3/14/2021,2020/21,Leicester City,Sheffield United,5-0
3/14/2021,2020/21,Arsenal,Tottenham Hotspur,2-1
3/14/2021,2020/21,Manchester United,West Ham United,1-0
3/13/2021,2020/21,Leeds United,Chelsea,0-0
3/13/2021,2020/21,Crystal Palace,West Bromwich Albion,1-0
3/13/2021,2020/21,Everton,Burnley,1-2
3/13/2021,2020/21,Fulham,Manchester City,0-3
3/12/2021,2020/21,Newcastle United,Aston Villa,1-1
3/10/2021,2020/21,Manchester City,Southampton,5-2
3/8/2021,2020/21,Chelsea,Everton,2-0
3/8/2021,2020/21,West Ham United,Leeds United,2-0
3/7/2021,2020/21,West Bromwich Albion,Newcastle United,0-0
3/7/2021,2020/21,Liverpool,Fulham,0-1
3/7/2021,2020/21,Manchester City,Manchester United,0-2
3/7/2021,2020/21,Tottenham Hotspur,Crystal Palace,4-1
3/6/2021,2020/21,Burnley,Arsenal,1-1
3/6/2021,2020/21,Sheffield United,Southampton,0-2
3/6/2021,2020/21,Aston Villa,Wolverhampton Wanderers,0-0
3/6/2021,2020/21,Brighton and Hove Albion,Leicester City,1-2
3/4/2021,2020/21,Fulham,Tottenham Hotspur,0-1
3/4/2021,2020/21,West Bromwich Albion,Everton,0-1
3/4/2021,2020/21,Liverpool,Chelsea,0-1
3/3/2021,2020/21,Burnley,Leicester City,1-1
3/3/2021,2020/21,Crystal Palace,Manchester United,0-0
3/3/2021,2020/21,Sheffield United,Aston Villa,1-0
3/2/2021,2020/21,Manchester City,Wolverhampton Wanderers,4-1
3/1/2021,2020/21,Everton,Southampton,1-0
2/28/2021,2020/21,Crystal Palace,Fulham,0-0
2/28/2021,2020/21,Leicester City,Arsenal,1-3
2/28/2021,2020/21,Tottenham Hotspur,Burnley,4-0
2/28/2021,2020/21,Chelsea,Manchester United,0-0
2/28/2021,2020/21,Sheffield United,Liverpool,0-2
2/27/2021,2020/21,Manchester City,West Ham United,2-1
2/27/2021,2020/21,West Bromwich Albion,Brighton and Hove Albion,1-0
2/27/2021,2020/21,Leeds United,Aston Villa,0-1
2/27/2021,2020/21,Newcastle United,Wolverhampton Wanderers,1-1
2/23/2021,2020/21,Leeds United,Southampton,3-0
2/22/2021,2020/21,Brighton and Hove Albion,Crystal Palace,1-2
2/21/2021,2020/21,West Ham United,Tottenham Hotspur,2-1
2/21/2021,2020/21,Aston Villa,Leicester City,1-2
2/21/2021,2020/21,Arsenal,Manchester City,0-1
2/21/2021,2020/21,Manchester United,Newcastle United,3-1
2/20/2021,2020/21,Southampton,Chelsea,1-1
2/20/2021,2020/21,Burnley,West Bromwich Albion,0-0
2/20/2021,2020/21,Liverpool,Everton,0-2
2/20/2021,2020/21,Fulham,Sheffield United,1-0
2/19/2021,2020/21,Wolverhampton Wanderers,Leeds United,1-0
2/17/2021,2020/21,Burnley,Fulham,1-1
2/17/2021,2020/21,Everton,Manchester City,1-3
2/15/2021,2020/21,West Ham United,Sheffield United,3-0
2/15/2021,2020/21,Chelsea,Newcastle United,2-0
2/14/2021,2020/21,Southampton,Wolverhampton Wanderers,1-2
2/14/2021,2020/21,West Bromwich Albion,Manchester United,1-1
2/14/2021,2020/21,Arsenal,Leeds United,4-2
2/14/2021,2020/21,Everton,Fulham,0-2
2/13/2021,2020/21,Leicester City,Liverpool,3-1
2/13/2021,2020/21,Crystal Palace,Burnley,0-3
2/13/2021,2020/21,Manchester City,Tottenham Hotspur,3-0
2/13/2021,2020/21,Brighton and Hove Albion,Aston Villa,0-0
2/8/2021,2020/21,Leeds United,Crystal Palace,2-0
2/7/2021,2020/21,Tottenham Hotspur,West Bromwich Albion,2-0
2/7/2021,2020/21,Wolverhampton Wanderers,Leicester City,0-0
2/7/2021,2020/21,Liverpool,Manchester City,1-4
2/7/2021,2020/21,Sheffield United,Chelsea,1-2
2/6/2021,2020/21,Aston Villa,Arsenal,1-0
2/6/2021,2020/21,Burnley,Brighton and Hove Albion,1-1
2/6/2021,2020/21,Newcastle United,Southampton,3-2
2/6/2021,2020/21,Fulham,West Ham United,0-0
2/6/2021,2020/21,Manchester United,Everton,3-3
2/4/2021,2020/21,Tottenham Hotspur,Chelsea,0-1
2/3/2021,2020/21,Burnley,Manchester City,0-2
2/3/2021,2020/21,Fulham,Leicester City,0-2
2/3/2021,2020/21,Leeds United,Everton,1-2
2/3/2021,2020/21,Aston Villa,West Ham United,1-3
2/3/2021,2020/21,Liverpool,Brighton and Hove Albion,0-1
2/2/2021,2020/21,Sheffield United,West Bromwich Albion,2-1
2/2/2021,2020/21,Wolverhampton Wanderers,Arsenal,2-1
2/2/2021,2020/21,Manchester United,Southampton,9-0
2/2/2021,2020/21,Newcastle United,Crystal Palace,1-2
1/31/2021,2020/21,Chelsea,Burnley,2-0
1/31/2021,2020/21,Leicester City,Leeds United,1-3
1/31/2021,2020/21,West Ham United,Liverpool,1-3
1/31/2021,2020/21,Brighton and Hove Albion,Tottenham Hotspur,1-0
1/30/2021,2020/21,Everton,Newcastle United,0-2
1/30/2021,2020/21,Crystal Palace,Wolverhampton Wanderers,1-0
1/30/2021,2020/21,Manchester City,Sheffield United,1-0
1/30/2021,2020/21,West Bromwich Albion,Fulham,2-2
1/30/2021,2020/21,Arsenal,Manchester United,0-0
1/30/2021,2020/21,Southampton,Aston Villa,0-1
1/28/2021,2020/21,Tottenham Hotspur,Liverpool,1-3
1/27/2021,2020/21,Burnley,Aston Villa,3-2
1/27/2021,2020/21,Chelsea,Wolverhampton Wanderers,0-0
1/27/2021,2020/21,Brighton and Hove Albion,Fulham,0-0
1/27/2021,2020/21,Everton,Leicester City,1-1
1/27/2021,2020/21,Manchester United,Sheffield United,1-2
1/26/2021,2020/21,Crystal Palace,West Ham United,2-3
1/26/2021,2020/21,Newcastle United,Leeds United,1-2
1/26/2021,2020/21,Southampton,Arsenal,1-3
1/26/2021,2020/21,West Bromwich Albion,Manchester City,0-5
1/23/2021,2020/21,Aston Villa,Newcastle United,2-0
1/21/2021,2020/21,Liverpool,Burnley,0-1
1/20/2021,2020/21,Manchester City,Aston Villa,2-0
1/20/2021,2020/21,Fulham,Manchester United,1-2
1/19/2021,2020/21,Leicester City,Chelsea,2-0
1/19/2021,2020/21,West Ham United,West Bromwich Albion,2-1
1/18/2021,2020/21,Arsenal,Newcastle United,3-0
1/17/2021,2020/21,Sheffield United,Tottenham Hotspur,1-3
1/17/2021,2020/21,Liverpool,Manchester United,0-0
1/17/2021,2020/21,Manchester City,Crystal Palace,4-0
1/16/2021,2020/21,Wolverhampton Wanderers,West Bromwich Albion,2-3
1/16/2021,2020/21,Leeds United,Brighton and Hove Albion,0-1
1/16/2021,2020/21,West Ham United,Burnley,1-0
1/16/2021,2020/21,Fulham,Chelsea,0-1
1/16/2021,2020/21,Leicester City,Southampton,2-0
1/14/2021,2020/21,Arsenal,Crystal Palace,0-0
1/13/2021,2020/21,Manchester City,Brighton and Hove Albion,1-0
1/13/2021,2020/21,Tottenham Hotspur,Fulham,1-1
1/12/2021,2020/21,Sheffield United,Newcastle United,1-0
1/12/2021,2020/21,Burnley,Manchester United,0-1
1/12/2021,2020/21,Wolverhampton Wanderers,Everton,1-2
1/4/2021,2020/21,Southampton,Liverpool,1-0
1/3/2021,2020/21,Newcastle United,Leicester City,1-2
1/3/2021,2020/21,Chelsea,Manchester City,1-3
1/2/2021,2020/21,Tottenham Hotspur,Leeds United,3-0
1/2/2021,2020/21,Crystal Palace,Sheffield United,2-0
1/2/2021,2020/21,Brighton and Hove Albion,Wolverhampton Wanderers,3-3
1/2/2021,2020/21,West Bromwich Albion,Arsenal,0-4
1/1/2021,2020/21,Everton,West Ham United,0-1
1/1/2021,2020/21,Manchester United,Aston Villa,2-1
12/30/2020,2020/21,Newcastle United,Liverpool,0-0
12/29/2020,2020/21,Brighton and Hove Albion,Arsenal,0-1
12/29/2020,2020/21,Burnley,Sheffield United,1-0
12/29/2020,2020/21,Southampton,West Ham United,0-0
12/29/2020,2020/21,West Bromwich Albion,Leeds United,0-5
12/29/2020,2020/21,Manchester United,Wolverhampton Wanderers,1-0
12/28/2020,2020/21,Crystal Palace,Leicester City,1-1
12/28/2020,2020/21,Chelsea,Aston Villa,1-1
12/27/2020,2020/21,Leeds United,Burnley,1-0
12/27/2020,2020/21,West Ham United,Brighton and Hove Albion,2-2
12/27/2020,2020/21,Liverpool,West Bromwich Albion,1-1
12/27/2020,2020/21,Wolverhampton Wanderers,Tottenham Hotspur,1-1
12/26/2020,2020/21,Arsenal,Chelsea,3-1
12/26/2020,2020/21,Manchester City,Newcastle United,2-0
12/26/2020,2020/21,Sheffield United,Everton,0-1
12/26/2020,2020/21,Leicester City,Manchester United,2-2
12/26/2020,2020/21,Aston Villa,Crystal Palace,3-0
12/26/2020,2020/21,Fulham,Southampton,0-0
12/21/2020,2020/21,Burnley,Wolverhampton Wanderers,2-1
12/21/2020,2020/21,Chelsea,West Ham United,3-0
12/20/2020,2020/21,Brighton and Hove Albion,Sheffield United,1-1
12/20/2020,2020/21,Tottenham Hotspur,Leicester City,0-2
12/20/2020,2020/21,Manchester United,Leeds United,6-2
12/20/2020,2020/21,West Bromwich Albion,Aston Villa,0-3
12/19/2020,2020/21,Crystal Palace,Liverpool,0-7
12/19/2020,2020/21,Southampton,Manchester City,0-1
12/19/2020,2020/21,Everton,Arsenal,2-1
12/19/2020,2020/21,Newcastle United,Fulham,1-1
12/17/2020,2020/21,Aston Villa,Burnley,0-0
12/17/2020,2020/21,Sheffield United,Manchester United,2-3
12/16/2020,2020/21,Arsenal,Southampton,1-1
12/16/2020,2020/21,Leeds United,Newcastle United,5-2
12/16/2020,2020/21,Leicester City,Everton,0-2
12/16/2020,2020/21,Fulham,Brighton and Hove Albion,0-0
12/16/2020,2020/21,Liverpool,Tottenham Hotspur,2-1
12/16/2020,2020/21,West Ham United,Crystal Palace,1-1
12/15/2020,2020/21,Wolverhampton Wanderers,Chelsea,2-1
12/15/2020,2020/21,Manchester City,West Bromwich Albion,1-1
12/13/2020,2020/21,Southampton,Sheffield United,3-0
12/13/2020,2020/21,Crystal Palace,Tottenham Hotspur,1-1
12/13/2020,2020/21,Fulham,Liverpool,1-1
12/13/2020,2020/21,Arsenal,Burnley,0-1
12/13/2020,2020/21,Leicester City,Brighton and Hove Albion,3-0
12/12/2020,2020/21,Wolverhampton Wanderers,Aston Villa,0-1
12/12/2020,2020/21,Newcastle United,West Bromwich Albion,2-1
12/12/2020,2020/21,Manchester United,Manchester City,0-0
12/12/2020,2020/21,Everton,Chelsea,1-0
12/11/2020,2020/21,Leeds United,West Ham United,1-2
12/7/2020,2020/21,Brighton and Hove Albion,Southampton,1-2
12/6/2020,2020/21,West Bromwich Albion,Crystal Palace,1-5
12/6/2020,2020/21,Sheffield United,Leicester City,1-2
12/6/2020,2020/21,Tottenham Hotspur,Arsenal,2-0
12/6/2020,2020/21,Liverpool,Wolverhampton Wanderers,4-0
12/5/2020,2020/21,West Ham United,Manchester United,1-3
12/5/2020,2020/21,Chelsea,Leeds United,3-1
12/5/2020,2020/21,Burnley,Everton,1-1
12/5/2020,2020/21,Manchester City,Fulham,2-0
11/30/2020,2020/21,Leicester City,Fulham,1-2
11/30/2020,2020/21,West Ham United,Aston Villa,2-1
11/29/2020,2020/21,Southampton,Manchester United,2-3
11/29/2020,2020/21,Chelsea,Tottenham Hotspur,0-0
11/29/2020,2020/21,Arsenal,Wolverhampton Wanderers,1-2
11/28/2020,2020/21,Brighton and Hove Albion,Liverpool,1-1
11/28/2020,2020/21,Manchester City,Burnley,5-0
11/28/2020,2020/21,Everton,Leeds United,0-1
11/28/2020,2020/21,West Bromwich Albion,Sheffield United,1-0
11/27/2020,2020/21,Crystal Palace,Newcastle United,0-2
11/23/2020,2020/21,Burnley,Crystal Palace,1-0
11/23/2020,2020/21,Wolverhampton Wanderers,Southampton,1-1
11/22/2020,2020/21,Fulham,Everton,2-3
11/22/2020,2020/21,Sheffield United,West Ham United,0-1
11/22/2020,2020/21,Leeds United,Arsenal,0-0
11/22/2020,2020/21,Liverpool,Leicester City,3-0
11/21/2020,2020/21,Newcastle United,Chelsea,0-2
11/21/2020,2020/21,Aston Villa,Brighton and Hove Albion,1-2
11/21/2020,2020/21,Tottenham Hotspur,Manchester City,2-0
11/21/2020,2020/21,Manchester United,West Bromwich Albion,1-0
11/8/2020,2020/21,West Bromwich Albion,Tottenham Hotspur,0-1
11/8/2020,2020/21,Leicester City,Wolverhampton Wanderers,1-0
11/8/2020,2020/21,Manchester City,Liverpool,1-1
11/8/2020,2020/21,Arsenal,Aston Villa,0-3
11/7/2020,2020/21,Everton,Manchester United,1-3
11/7/2020,2020/21,Crystal Palace,Leeds United,4-1
11/7/2020,2020/21,Chelsea,Sheffield United,4-1
11/7/2020,2020/21,West Ham United,Fulham,1-0
11/6/2020,2020/21,Brighton and Hove Albion,Burnley,0-0
11/6/2020,2020/21,Southampton,Newcastle United,2-0
11/2/2020,2020/21,Fulham,West Bromwich Albion,2-0
11/2/2020,2020/21,Leeds United,Leicester City,1-4
11/1/2020,2020/21,Aston Villa,Southampton,3-4
11/1/2020,2020/21,Newcastle United,Everton,2-1
11/1/2020,2020/21,Manchester United,Arsenal,0-1
11/1/2020,2020/21,Tottenham Hotspur,Brighton and Hove Albion,2-1
10/31/2020,2020/21,Burnley,Chelsea,0-3
10/31/2020,2020/21,Liverpool,West Ham United,2-1
10/31/2020,2020/21,Sheffield United,Manchester City,0-1
10/30/2020,2020/21,Wolverhampton Wanderers,Crystal Palace,2-0
10/26/2020,2020/21,Brighton and Hove Albion,West Bromwich Albion,1-1
10/26/2020,2020/21,Burnley,Tottenham Hotspur,0-1
10/25/2020,2020/21,Southampton,Everton,2-0
10/25/2020,2020/21,Wolverhampton Wanderers,Newcastle United,1-1
10/25/2020,2020/21,Arsenal,Leicester City,0-1
10/24/2020,2020/21,West Ham United,Manchester City,1-1
10/24/2020,2020/21,Fulham,Crystal Palace,1-2
10/24/2020,2020/21,Manchester United,Chelsea,0-0
10/24/2020,2020/21,Liverpool,Sheffield United,2-1
10/23/2020,2020/21,Aston Villa,Leeds United,0-3
10/19/2020,2020/21,West Bromwich Albion,Burnley,0-0
10/19/2020,2020/21,Leeds United,Wolverhampton Wanderers,0-1
10/18/2020,2020/21,Sheffield United,Fulham,1-1
10/18/2020,2020/21,Crystal Palace,Brighton and Hove Albion,1-1
10/18/2020,2020/21,Tottenham Hotspur,West Ham United,3-3
10/18/2020,2020/21,Leicester City,Aston Villa,0-1
10/17/2020,2020/21,Everton,Liverpool,2-2
10/17/2020,2020/21,Chelsea,Southampton,3-3
10/17/2020,2020/21,Manchester City,Arsenal,1-0
10/17/2020,2020/21,Newcastle United,Manchester United,1-4
10/4/2020,2020/21,Leicester City,West Ham United,0-3
10/4/2020,2020/21,Southampton,West Bromwich Albion,2-0
10/4/2020,2020/21,Arsenal,Sheffield United,2-1
10/4/2020,2020/21,Wolverhampton Wanderers,Fulham,1-0
10/4/2020,2020/21,Manchester United,Tottenham Hotspur,1-6
10/4/2020,2020/21,Aston Villa,Liverpool,7-2
10/3/2020,2020/21,Chelsea,Crystal Palace,4-0
10/3/2020,2020/21,Everton,Brighton and Hove Albion,4-2
10/3/2020,2020/21,Leeds United,Manchester City,1-1
10/3/2020,2020/21,Newcastle United,Burnley,3-1
9/28/2020,2020/21,Fulham,Aston Villa,0-3
9/28/2020,2020/21,Liverpool,Arsenal,3-1
9/27/2020,2020/21,Sheffield United,Leeds United,0-1
9/27/2020,2020/21,Tottenham Hotspur,Newcastle United,1-1
9/27/2020,2020/21,Manchester City,Leicester City,2-5
9/27/2020,2020/21,West Ham United,Wolverhampton Wanderers,4-0
9/26/2020,2020/21,West Bromwich Albion,Chelsea,3-3
9/26/2020,2020/21,Burnley,Southampton,0-1
9/26/2020,2020/21,Brighton and Hove Albion,Manchester United,2-3
9/26/2020,2020/21,Crystal Palace,Everton,1-2
9/21/2020,2020/21,Aston Villa,Sheffield United,1-0
9/21/2020,2020/21,Wolverhampton Wanderers,Manchester City,1-3
9/20/2020,2020/21,Southampton,Tottenham Hotspur,2-5
9/20/2020,2020/21,Newcastle United,Brighton and Hove Albion,0-3
9/20/2020,2020/21,Chelsea,Liverpool,0-2
9/20/2020,2020/21,Leicester City,Burnley,4-2
9/19/2020,2020/21,Everton,West Bromwich Albion,5-2
9/19/2020,2020/21,Leeds United,Fulham,4-3
9/19/2020,2020/21,Manchester United,Crystal Palace,1-3
9/19/2020,2020/21,Arsenal,West Ham United,2-1
9/14/2020,2020/21,Sheffield United,Wolverhampton Wanderers,0-2
9/14/2020,2020/21,Brighton and Hove Albion,Chelsea,1-3
9/13/2020,2020/21,West Bromwich Albion,Leicester City,0-3
9/13/2020,2020/21,Tottenham Hotspur,Everton,0-1
9/12/2020,2020/21,Fulham,Arsenal,0-3
9/12/2020,2020/21,Crystal Palace,Southampton,1-0
9/12/2020,2020/21,Liverpool,Leeds United,4-3
9/12/2020,2020/21,West Ham United,Newcastle United,0-2
7/26/2020,2019/20,Arsenal,Watford,3-2
7/26/2020,2019/20,Burnley,Brighton and Hove Albion,1-2
7/26/2020,2019/20,Chelsea,Wolverhampton Wanderers,2-0
7/26/2020,2019/20,Crystal Palace,Tottenham Hotspur,1-1
7/26/2020,2019/20,Everton,AFC Bournemouth,1-3
7/26/2020,2019/20,Leicester City,Manchester United,0-2
7/26/2020,2019/20,Manchester City,Norwich City,5-0
7/26/2020,2019/20,Newcastle United,Liverpool,1-3
7/26/2020,2019/20,Southampton,Sheffield United,3-1
7/26/2020,2019/20,West Ham United,Aston Villa,1-1
7/22/2020,2019/20,Manchester United,West Ham United,1-1
7/22/2020,2019/20,Liverpool,Chelsea,5-3
7/21/2020,2019/20,Watford,Manchester City,0-4
7/21/2020,2019/20,Aston Villa,Arsenal,1-0
7/20/2020,2019/20,Brighton and Hove Albion,Newcastle United,0-0
7/20/2020,2019/20,Sheffield United,Everton,0-1
7/20/2020,2019/20,Wolverhampton Wanderers,Crystal Palace,2-0
7/19/2020,2019/20,AFC Bournemouth,Southampton,0-2
7/19/2020,2019/20,Tottenham Hotspur,Leicester City,3-0
7/18/2020,2019/20,Norwich City,Burnley,0-2
7/17/2020,2019/20,West Ham United,Watford,3-1
7/16/2020,2019/20,Everton,Aston Villa,1-1
7/16/2020,2019/20,Leicester City,Sheffield United,2-0
7/16/2020,2019/20,Crystal Palace,Manchester United,0-2
7/16/2020,2019/20,Southampton,Brighton and Hove Albion,1-1
7/15/2020,2019/20,Burnley,Wolverhampton Wanderers,1-1
7/15/2020,2019/20,Manchester City,AFC Bournemouth,2-1
7/15/2020,2019/20,Newcastle United,Tottenham Hotspur,1-3
7/15/2020,2019/20,Arsenal,Liverpool,2-1
7/14/2020,2019/20,Chelsea,Norwich City,1-0
7/13/2020,2019/20,Manchester United,Southampton,2-2
7/12/2020,2019/20,Wolverhampton Wanderers,Everton,3-0
7/12/2020,2019/20,Aston Villa,Crystal Palace,2-0
7/12/2020,2019/20,Tottenham Hotspur,Arsenal,2-1
7/12/2020,2019/20,AFC Bournemouth,Leicester City,4-1
7/11/2020,2019/20,Norwich City,West Ham United,0-4
7/11/2020,2019/20,Watford,Newcastle United,2-1
7/11/2020,2019/20,Liverpool,Burnley,1-1
7/11/2020,2019/20,Sheffield United,Chelsea,3-0
7/11/2020,2019/20,Brighton and Hove Albion,Manchester City,0-5
7/9/2020,2019/20,AFC Bournemouth,Tottenham Hotspur,0-0
7/9/2020,2019/20,Everton,Southampton,1-1
7/9/2020,2019/20,Aston Villa,Manchester United,0-3
7/8/2020,2019/20,Manchester City,Newcastle United,5-0
7/8/2020,2019/20,Sheffield United,Wolverhampton Wanderers,1-0
7/8/2020,2019/20,West Ham United,Burnley,0-1
7/8/2020,2019/20,Brighton and Hove Albion,Liverpool,1-3
7/7/2020,2019/20,Crystal Palace,Chelsea,2-3
7/7/2020,2019/20,Watford,Norwich City,2-1
7/7/2020,2019/20,Arsenal,Leicester City,1-1
7/6/2020,2019/20,Tottenham Hotspur,Everton,1-0
7/5/2020,2019/20,Burnley,Sheffield United,1-1
7/5/2020,2019/20,Newcastle United,West Ham United,2-2
7/5/2020,2019/20,Liverpool,Aston Villa,2-0
7/5/2020,2019/20,Southampton,Manchester City,1-0
7/4/2020,2019/20,Norwich City,Brighton and Hove Albion,0-1
7/4/2020,2019/20,Leicester City,Crystal Palace,3-0
7/4/2020,2019/20,Manchester United,AFC Bournemouth,5-2
7/4/2020,2019/20,Wolverhampton Wanderers,Arsenal,0-2
7/4/2020,2019/20,Chelsea,Watford,3-0
7/2/2020,2019/20,Sheffield United,Tottenham Hotspur,3-1
7/2/2020,2019/20,Manchester City,Liverpool,4-0
7/1/2020,2019/20,AFC Bournemouth,Newcastle United,1-4
7/1/2020,2019/20,Arsenal,Norwich City,4-0
7/1/2020,2019/20,Everton,Leicester City,2-1
7/1/2020,2019/20,West Ham United,Chelsea,3-2
6/30/2020,2019/20,Brighton and Hove Albion,Manchester United,0-3
6/29/2020,2019/20,Crystal Palace,Burnley,0-1
6/28/2020,2019/20,Watford,Southampton,1-3
6/27/2020,2019/20,Aston Villa,Wolverhampton Wanderers,0-1
6/25/2020,2019/20,Burnley,Watford,1-0
6/25/2020,2019/20,Southampton,Arsenal,0-2
6/25/2020,2019/20,Chelsea,Manchester City,2-1
6/24/2020,2019/20,Manchester United,Sheffield United,3-0
6/24/2020,2019/20,Newcastle United,Aston Villa,1-1
6/24/2020,2019/20,Norwich City,Everton,0-1
6/24/2020,2019/20,Wolverhampton Wanderers,AFC Bournemouth,1-0
6/24/2020,2019/20,Liverpool,Crystal Palace,4-0
6/23/2020,2019/20,Leicester City,Brighton and Hove Albion,0-0
6/23/2020,2019/20,Tottenham Hotspur,West Ham United,2-0
6/22/2020,2019/20,Manchester City,Burnley,5-0
6/21/2020,2019/20,Newcastle United,Sheffield United,3-0
6/21/2020,2019/20,Aston Villa,Chelsea,1-2
6/21/2020,2019/20,Everton,Liverpool,0-0
6/20/2020,2019/20,Watford,Leicester City,1-1
6/20/2020,2019/20,Brighton and Hove Albion,Arsenal,2-1
6/20/2020,2019/20,West Ham United,Wolverhampton Wanderers,0-2
6/20/2020,2019/20,AFC Bournemouth,Crystal Palace,0-2
6/19/2020,2019/20,Norwich City,Southampton,0-3
6/19/2020,2019/20,Tottenham Hotspur,Manchester United,1-1
6/17/2020,2019/20,Aston Villa,Sheffield United,0-0
6/17/2020,2019/20,Manchester City,Arsenal,3-0
3/9/2020,2019/20,Leicester City,Aston Villa,4-0
3/8/2020,2019/20,Chelsea,Everton,4-0
3/8/2020,2019/20,Manchester United,Manchester City,2-0
3/7/2020,2019/20,Liverpool,AFC Bournemouth,2-1
3/7/2020,2019/20,Arsenal,West Ham United,1-0
3/7/2020,2019/20,Crystal Palace,Watford,1-0
3/7/2020,2019/20,Sheffield United,Norwich City,1-0
3/7/2020,2019/20,Southampton,Newcastle United,0-1
3/7/2020,2019/20,Wolverhampton Wanderers,Brighton and Hove Albion,0-0
3/7/2020,2019/20,Burnley,Tottenham Hotspur,1-1
3/1/2020,2019/20,Everton,Manchester United,1-1
3/1/2020,2019/20,Tottenham Hotspur,Wolverhampton Wanderers,2-3
2/29/2020,2019/20,Brighton and Hove Albion,Crystal Palace,0-1
2/29/2020,2019/20,AFC Bournemouth,Chelsea,2-2
2/29/2020,2019/20,Newcastle United,Burnley,0-0
2/29/2020,2019/20,West Ham United,Southampton,3-1
2/29/2020,2019/20,Watford,Liverpool,3-0
2/28/2020,2019/20,Norwich City,Leicester City,1-0
2/24/2020,2019/20,Liverpool,West Ham United,3-2
2/23/2020,2019/20,Manchester United,Watford,3-0
2/23/2020,2019/20,Wolverhampton Wanderers,Norwich City,3-0
2/23/2020,2019/20,Arsenal,Everton,3-2
2/22/2020,2019/20,Chelsea,Tottenham Hotspur,2-1
2/22/2020,2019/20,Burnley,AFC Bournemouth,3-0
2/22/2020,2019/20,Crystal Palace,Newcastle United,1-0
2/22/2020,2019/20,Sheffield United,Brighton and Hove Albion,1-1
2/22/2020,2019/20,Southampton,Aston Villa,2-0
2/22/2020,2019/20,Leicester City,Manchester City,0-1
2/19/2020,2019/20,Manchester City,West Ham United,2-0
2/17/2020,2019/20,Chelsea,Manchester United,0-2
2/16/2020,2019/20,Aston Villa,Tottenham Hotspur,2-3
2/16/2020,2019/20,Arsenal,Newcastle United,4-0
2/15/2020,2019/20,Southampton,Burnley,1-2
2/15/2020,2019/20,Norwich City,Liverpool,0-1
2/14/2020,2019/20,Wolverhampton Wanderers,Leicester City,0-0
2/9/2020,2019/20,Sheffield United,AFC Bournemouth,2-1
2/8/2020,2019/20,Everton,Crystal Palace,3-1
2/8/2020,2019/20,Brighton and Hove Albion,Watford,1-1
2/2/2020,2019/20,Burnley,Arsenal,0-0
2/2/2020,2019/20,Tottenham Hotspur,Manchester City,2-0
2/1/2020,2019/20,Leicester City,Chelsea,2-2
2/1/2020,2019/20,AFC Bournemouth,Aston Villa,2-1
2/1/2020,2019/20,Crystal Palace,Sheffield United,0-1
2/1/2020,2019/20,Liverpool,Southampton,4-0
2/1/2020,2019/20,Newcastle United,Norwich City,0-0
2/1/2020,2019/20,Watford,Everton,2-3
2/1/2020,2019/20,West Ham United,Brighton and Hove Albion,3-3
2/1/2020,2019/20,Manchester United,Wolverhampton Wanderers,0-0
1/29/2020,2019/20,West Ham United,Liverpool,0-2
1/23/2020,2019/20,Wolverhampton Wanderers,Liverpool,1-2
1/22/2020,2019/20,Leicester City,West Ham United,4-1
1/22/2020,2019/20,Tottenham Hotspur,Norwich City,2-1
1/22/2020,2019/20,Manchester United,Burnley,0-2
1/21/2020,2019/20,AFC Bournemouth,Brighton and Hove Albion,3-1
1/21/2020,2019/20,Aston Villa,Watford,2-1
1/21/2020,2019/20,Crystal Palace,Southampton,0-2
1/21/2020,2019/20,Everton,Newcastle United,2-2
1/21/2020,2019/20,Sheffield United,Manchester City,0-1
1/21/2020,2019/20,Chelsea,Arsenal,2-2
1/19/2020,2019/20,Burnley,Leicester City,2-1
1/19/2020,2019/20,Liverpool,Manchester United,2-0
1/18/2020,2019/20,Arsenal,Sheffield United,1-1
1/18/2020,2019/20,Brighton and Hove Albion,Aston Villa,1-1
1/18/2020,2019/20,Manchester City,Crystal Palace,2-2
1/18/2020,2019/20,Norwich City,AFC Bournemouth,1-0
1/18/2020,2019/20,Southampton,Wolverhampton Wanderers,2-3
1/18/2020,2019/20,West Ham United,Everton,1-1
1/18/2020,2019/20,Newcastle United,Chelsea,1-0
1/18/2020,2019/20,Watford,Tottenham Hotspur,0-0
1/12/2020,2019/20,AFC Bournemouth,Watford,0-3
1/12/2020,2019/20,Aston Villa,Manchester City,1-6
1/11/2020,2019/20,Crystal Palace,Arsenal,1-1
1/11/2020,2019/20,Chelsea,Burnley,3-0
1/11/2020,2019/20,Everton,Brighton and Hove Albion,1-0
1/11/2020,2019/20,Leicester City,Southampton,1-2
1/11/2020,2019/20,Manchester United,Norwich City,4-0
1/11/2020,2019/20,Wolverhampton Wanderers,Newcastle United,1-1
1/11/2020,2019/20,Tottenham Hotspur,Liverpool,0-1
1/10/2020,2019/20,Sheffield United,West Ham United,1-0
1/2/2020,2019/20,Liverpool,Sheffield United,2-0
1/1/2020,2019/20,Brighton and Hove Albion,Chelsea,1-1
1/1/2020,2019/20,Burnley,Aston Villa,1-2
1/1/2020,2019/20,Newcastle United,Leicester City,0-3
1/1/2020,2019/20,Southampton,Tottenham Hotspur,1-0
1/1/2020,2019/20,Watford,Wolverhampton Wanderers,2-1
1/1/2020,2019/20,Manchester City,Everton,2-1
1/1/2020,2019/20,Norwich City,Crystal Palace,1-1
1/1/2020,2019/20,West Ham United,AFC Bournemouth,4-0
1/1/2020,2019/20,Arsenal,Manchester United,2-0
12/29/2019,2019/20,Arsenal,Chelsea,1-2
12/29/2019,2019/20,Liverpool,Wolverhampton Wanderers,1-0
12/29/2019,2019/20,Manchester City,Sheffield United,2-0
12/28/2019,2019/20,Brighton and Hove Albion,AFC Bournemouth,2-0
12/28/2019,2019/20,Newcastle United,Everton,1-2
12/28/2019,2019/20,Southampton,Crystal Palace,1-1
12/28/2019,2019/20,Watford,Aston Villa,3-0
12/28/2019,2019/20,Norwich City,Tottenham Hotspur,2-2
12/28/2019,2019/20,West Ham United,Leicester City,1-2
12/28/2019,2019/20,Burnley,Manchester United,0-2
12/27/2019,2019/20,Wolverhampton Wanderers,Manchester City,3-2
12/26/2019,2019/20,AFC Bournemouth,Arsenal,1-1
12/26/2019,2019/20,Aston Villa,Norwich City,1-0
12/26/2019,2019/20,Chelsea,Southampton,0-2
12/26/2019,2019/20,Crystal Palace,West Ham United,2-1
12/26/2019,2019/20,Everton,Burnley,1-0
12/26/2019,2019/20,Sheffield United,Watford,1-1
12/26/2019,2019/20,Manchester United,Newcastle United,4-1
12/26/2019,2019/20,Leicester City,Liverpool,0-4
12/26/2019,2019/20,Tottenham Hotspur,Brighton and Hove Albion,2-1
12/22/2019,2019/20,Watford,Manchester United,2-0
12/22/2019,2019/20,Tottenham Hotspur,Chelsea,0-2
12/21/2019,2019/20,Everton,Arsenal,0-0
12/21/2019,2019/20,AFC Bournemouth,Burnley,0-1
12/21/2019,2019/20,Aston Villa,Southampton,1-3
12/21/2019,2019/20,Brighton and Hove Albion,Sheffield United,0-1
12/21/2019,2019/20,Newcastle United,Crystal Palace,1-0
12/21/2019,2019/20,Norwich City,Wolverhampton Wanderers,1-2
12/21/2019,2019/20,Manchester City,Leicester City,3-1
12/16/2019,2019/20,Crystal Palace,Brighton and Hove Albion,1-1
12/15/2019,2019/20,Manchester United,Everton,1-1
12/15/2019,2019/20,Wolverhampton Wanderers,Tottenham Hotspur,1-2
12/15/2019,2019/20,Arsenal,Manchester City,0-3
12/14/2019,2019/20,Liverpool,Watford,2-0
12/14/2019,2019/20,Burnley,Newcastle United,1-0
12/14/2019,2019/20,Chelsea,AFC Bournemouth,0-1
12/14/2019,2019/20,Leicester City,Norwich City,1-1
12/14/2019,2019/20,Sheffield United,Aston Villa,2-0
12/14/2019,2019/20,Southampton,West Ham United,0-1
12/9/2019,2019/20,West Ham United,Arsenal,1-3
12/8/2019,2019/20,Aston Villa,Leicester City,1-4
12/8/2019,2019/20,Newcastle United,Southampton,2-1
12/8/2019,2019/20,Norwich City,Sheffield United,1-2
12/8/2019,2019/20,Brighton and Hove Albion,Wolverhampton Wanderers,2-2
12/7/2019,2019/20,Everton,Chelsea,3-1
12/7/2019,2019/20,AFC Bournemouth,Liverpool,0-3
12/7/2019,2019/20,Tottenham Hotspur,Burnley,5-0
12/7/2019,2019/20,Watford,Crystal Palace,0-0
12/7/2019,2019/20,Manchester City,Manchester United,1-2
12/5/2019,2019/20,Sheffield United,Newcastle United,0-2
12/5/2019,2019/20,Arsenal,Brighton and Hove Albion,1-2
12/4/2019,2019/20,Chelsea,Aston Villa,2-1
12/4/2019,2019/20,Leicester City,Watford,2-0
12/4/2019,2019/20,Manchester United,Tottenham Hotspur,2-1
12/4/2019,2019/20,Southampton,Norwich City,2-1
12/4/2019,2019/20,Wolverhampton Wanderers,West Ham United,2-0
12/4/2019,2019/20,Liverpool,Everton,5-2
12/3/2019,2019/20,Crystal Palace,AFC Bournemouth,1-0
12/3/2019,2019/20,Burnley,Manchester City,1-4
12/1/2019,2019/20,Norwich City,Arsenal,2-2
12/1/2019,2019/20,Wolverhampton Wanderers,Sheffield United,1-1
12/1/2019,2019/20,Leicester City,Everton,2-1
12/1/2019,2019/20,Manchester United,Aston Villa,2-2
11/30/2019,2019/20,Newcastle United,Manchester City,2-2
11/30/2019,2019/20,Burnley,Crystal Palace,0-2
11/30/2019,2019/20,Chelsea,West Ham United,0-1
11/30/2019,2019/20,Liverpool,Brighton and Hove Albion,2-1
11/30/2019,2019/20,Tottenham Hotspur,AFC Bournemouth,3-2
11/30/2019,2019/20,Southampton,Watford,2-1
11/25/2019,2019/20,Aston Villa,Newcastle United,2-0
11/24/2019,2019/20,Sheffield United,Manchester United,3-3
11/23/2019,2019/20,West Ham United,Tottenham Hotspur,2-3
11/23/2019,2019/20,AFC Bournemouth,Wolverhampton Wanderers,1-2
11/23/2019,2019/20,Arsenal,Southampton,2-2
11/23/2019,2019/20,Brighton and Hove Albion,Leicester City,0-2
11/23/2019,2019/20,Crystal Palace,Liverpool,1-2
11/23/2019,2019/20,Everton,Norwich City,0-2
11/23/2019,2019/20,Watford,Burnley,0-3
11/23/2019,2019/20,Manchester City,Chelsea,2-1
11/10/2019,2019/20,Manchester United,Brighton and Hove Albion,3-1
11/10/2019,2019/20,Wolverhampton Wanderers,Aston Villa,2-1
11/10/2019,2019/20,Liverpool,Manchester City,3-1
11/9/2019,2019/20,Chelsea,Crystal Palace,2-0
11/9/2019,2019/20,Burnley,West Ham United,3-0
11/9/2019,2019/20,Newcastle United,AFC Bournemouth,2-1
11/9/2019,2019/20,Southampton,Everton,1-2
11/9/2019,2019/20,Tottenham Hotspur,Sheffield United,1-1
11/9/2019,2019/20,Leicester City,Arsenal,2-0
11/8/2019,2019/20,Norwich City,Watford,0-2
11/3/2019,2019/20,Crystal Palace,Leicester City,0-2
11/3/2019,2019/20,Everton,Tottenham Hotspur,1-1
11/2/2019,2019/20,AFC Bournemouth,Manchester United,1-0
11/2/2019,2019/20,Arsenal,Wolverhampton Wanderers,1-1
11/2/2019,2019/20,Aston Villa,Liverpool,1-2
11/2/2019,2019/20,Brighton and Hove Albion,Norwich City,2-0
11/2/2019,2019/20,Manchester City,Southampton,2-1
11/2/2019,2019/20,Sheffield United,Burnley,3-0
11/2/2019,2019/20,West Ham United,Newcastle United,2-3
11/2/2019,2019/20,Watford,Chelsea,1-2
10/27/2019,2019/20,Newcastle United,Wolverhampton Wanderers,1-1
10/27/2019,2019/20,Arsenal,Crystal Palace,2-2
10/27/2019,2019/20,Liverpool,Tottenham Hotspur,2-1
10/27/2019,2019/20,Norwich City,Manchester United,1-3
10/26/2019,2019/20,Manchester City,Aston Villa,3-0
10/26/2019,2019/20,Brighton and Hove Albion,Everton,3-2
10/26/2019,2019/20,Watford,AFC Bournemouth,0-0
10/26/2019,2019/20,West Ham United,Sheffield United,1-1
10/26/2019,2019/20,Burnley,Chelsea,2-4
10/25/2019,2019/20,Southampton,Leicester City,0-9
10/21/2019,2019/20,Sheffield United,Arsenal,1-0
10/20/2019,2019/20,Manchester United,Liverpool,1-1
10/19/2019,2019/20,Everton,West Ham United,2-0
10/19/2019,2019/20,AFC Bournemouth,Norwich City,0-0
10/19/2019,2019/20,Aston Villa,Brighton and Hove Albion,2-1
10/19/2019,2019/20,Chelsea,Newcastle United,1-0
10/19/2019,2019/20,Leicester City,Burnley,2-1
10/19/2019,2019/20,Tottenham Hotspur,Watford,1-1
10/19/2019,2019/20,Wolverhampton Wanderers,Southampton,1-1
10/19/2019,2019/20,Crystal Palace,Manchester City,0-2
10/6/2019,2019/20,Arsenal,AFC Bournemouth,1-0
10/6/2019,2019/20,Manchester City,Wolverhampton Wanderers,0-2
10/6/2019,2019/20,Southampton,Chelsea,1-4
10/6/2019,2019/20,Newcastle United,Manchester United,1-0
10/5/2019,2019/20,Brighton and Hove Albion,Tottenham Hotspur,3-0
10/5/2019,2019/20,Burnley,Everton,1-0
10/5/2019,2019/20,Liverpool,Leicester City,2-1
10/5/2019,2019/20,Norwich City,Aston Villa,1-5
10/5/2019,2019/20,Watford,Sheffield United,0-0
10/5/2019,2019/20,West Ham United,Crystal Palace,1-2
9/30/2019,2019/20,Manchester United,Arsenal,1-1
9/29/2019,2019/20,Leicester City,Newcastle United,5-0
9/28/2019,2019/20,Sheffield United,Liverpool,0-1
9/28/2019,2019/20,AFC Bournemouth,West Ham United,2-2
9/28/2019,2019/20,Aston Villa,Burnley,2-2
9/28/2019,2019/20,Chelsea,Brighton and Hove Albion,2-0
9/28/2019,2019/20,Crystal Palace,Norwich City,2-0
9/28/2019,2019/20,Tottenham Hotspur,Southampton,2-1
9/28/2019,2019/20,Wolverhampton Wanderers,Watford,2-0
9/28/2019,2019/20,Everton,Manchester City,1-3
9/22/2019,2019/20,Crystal Palace,Wolverhampton Wanderers,1-1
9/22/2019,2019/20,West Ham United,Manchester United,2-0
9/22/2019,2019/20,Arsenal,Aston Villa,3-2
9/22/2019,2019/20,Chelsea,Liverpool,1-2
9/21/2019,2019/20,Leicester City,Tottenham Hotspur,2-1
9/21/2019,2019/20,Burnley,Norwich City,2-0
9/21/2019,2019/20,Everton,Sheffield United,0-2
9/21/2019,2019/20,Manchester City,Watford,8-0
9/21/2019,2019/20,Newcastle United,Brighton and Hove Albion,0-0
9/20/2019,2019/20,Southampton,AFC Bournemouth,1-3
9/16/2019,2019/20,Aston Villa,West Ham United,0-0
9/15/2019,2019/20,AFC Bournemouth,Everton,3-1
9/15/2019,2019/20,Watford,Arsenal,2-2
9/14/2019,2019/20,Liverpool,Newcastle United,3-1
9/14/2019,2019/20,Brighton and Hove Albion,Burnley,1-1
9/14/2019,2019/20,Manchester United,Leicester City,1-0
9/14/2019,2019/20,Sheffield United,Southampton,0-1
9/14/2019,2019/20,Tottenham Hotspur,Crystal Palace,4-0
9/14/2019,2019/20,Wolverhampton Wanderers,Chelsea,2-5
9/14/2019,2019/20,Norwich City,Manchester City,3-2
9/1/2019,2019/20,Everton,Wolverhampton Wanderers,3-2
9/1/2019,2019/20,Arsenal,Tottenham Hotspur,2-2
8/31/2019,2019/20,Southampton,Manchester United,1-1
8/31/2019,2019/20,Chelsea,Sheffield United,2-2
8/31/2019,2019/20,Crystal Palace,Aston Villa,1-0
8/31/2019,2019/20,Leicester City,AFC Bournemouth,3-1
8/31/2019,2019/20,Manchester City,Brighton and Hove Albion,4-0
8/31/2019,2019/20,Newcastle United,Watford,1-1
8/31/2019,2019/20,West Ham United,Norwich City,2-0
8/31/2019,2019/20,Burnley,Liverpool,0-3
8/25/2019,2019/20,AFC Bournemouth,Manchester City,1-3
8/25/2019,2019/20,Tottenham Hotspur,Newcastle United,0-1
8/25/2019,2019/20,Wolverhampton Wanderers,Burnley,1-1
8/24/2019,2019/20,Norwich City,Chelsea,2-3
8/24/2019,2019/20,Brighton and Hove Albion,Southampton,0-2
8/24/2019,2019/20,Manchester United,Crystal Palace,1-2
8/24/2019,2019/20,Sheffield United,Leicester City,1-2
8/24/2019,2019/20,Watford,West Ham United,1-3
8/24/2019,2019/20,Liverpool,Arsenal,3-1
8/23/2019,2019/20,Aston Villa,Everton,2-0
8/19/2019,2019/20,Wolverhampton Wanderers,Manchester United,1-1
8/18/2019,2019/20,Sheffield United,Crystal Palace,1-0
8/18/2019,2019/20,Chelsea,Leicester City,1-1
8/17/2019,2019/20,Arsenal,Burnley,2-1
8/17/2019,2019/20,Aston Villa,AFC Bournemouth,1-2
8/17/2019,2019/20,Brighton and Hove Albion,West Ham United,1-1
8/17/2019,2019/20,Everton,Watford,1-0
8/17/2019,2019/20,Norwich City,Newcastle United,3-1
8/17/2019,2019/20,Southampton,Liverpool,1-2
8/17/2019,2019/20,Manchester City,Tottenham Hotspur,2-2
8/11/2019,2019/20,Leicester City,Wolverhampton Wanderers,0-0
8/11/2019,2019/20,Newcastle United,Arsenal,0-1
8/11/2019,2019/20,Manchester United,Chelsea,4-0
8/10/2019,2019/20,West Ham United,Manchester City,0-5
8/10/2019,2019/20,AFC Bournemouth,Sheffield United,1-1
8/10/2019,2019/20,Burnley,Southampton,3-0
8/10/2019,2019/20,Crystal Palace,Everton,0-0
8/10/2019,2019/20,Watford,Brighton and Hove Albion,0-3
8/10/2019,2019/20,Tottenham Hotspur,Aston Villa,3-1
8/9/2019,2019/20,Liverpool,Norwich City,4-1
5/12/2019,2018/19,Brighton and Hove Albion,Manchester City,1-4
5/12/2019,2018/19,Burnley,Arsenal,1-3
5/12/2019,2018/19,Crystal Palace,AFC Bournemouth,5-3
5/12/2019,2018/19,Fulham,Newcastle United,0-4
5/12/2019,2018/19,Leicester City,Chelsea,0-0
5/12/2019,2018/19,Liverpool,Wolverhampton Wanderers,2-0
5/12/2019,2018/19,Manchester United,Cardiff City,0-2
5/12/2019,2018/19,Southampton,Huddersfield Town,1-1
5/12/2019,2018/19,Tottenham Hotspur,Everton,2-2
5/12/2019,2018/19,Watford,West Ham United,1-4
5/6/2019,2018/19,Manchester City,Leicester City,1-0
5/5/2019,2018/19,Chelsea,Watford,3-0
5/5/2019,2018/19,Huddersfield Town,Manchester United,1-1
5/5/2019,2018/19,Arsenal,Brighton and Hove Albion,1-1
5/4/2019,2018/19,AFC Bournemouth,Tottenham Hotspur,1-0
5/4/2019,2018/19,West Ham United,Southampton,3-0
5/4/2019,2018/19,Wolverhampton Wanderers,Fulham,1-0
5/4/2019,2018/19,Cardiff City,Crystal Palace,2-3
5/4/2019,2018/19,Newcastle United,Liverpool,2-3
5/3/2019,2018/19,Everton,Burnley,2-0
4/28/2019,2018/19,Leicester City,Arsenal,3-0
4/28/2019,2018/19,Burnley,Manchester City,0-1
4/28/2019,2018/19,Manchester United,Chelsea,1-1
4/27/2019,2018/19,Tottenham Hotspur,West Ham United,0-1
4/27/2019,2018/19,Crystal Palace,Everton,0-0
4/27/2019,2018/19,Fulham,Cardiff City,1-0
4/27/2019,2018/19,Southampton,AFC Bournemouth,3-3
4/27/2019,2018/19,Watford,Wolverhampton Wanderers,1-2
4/27/2019,2018/19,Brighton and Hove Albion,Newcastle United,1-1
4/26/2019,2018/19,Liverpool,Huddersfield Town,5-0
4/24/2019,2018/19,Wolverhampton Wanderers,Arsenal,3-1
4/24/2019,2018/19,Manchester United,Manchester City,0-2
4/23/2019,2018/19,Tottenham Hotspur,Brighton and Hove Albion,1-0
4/23/2019,2018/19,Watford,Southampton,1-1
4/22/2019,2018/19,Chelsea,Burnley,2-2
4/21/2019,2018/19,Everton,Manchester United,4-0
4/21/2019,2018/19,Arsenal,Crystal Palace,2-3
4/21/2019,2018/19,Cardiff City,Liverpool,0-2
4/20/2019,2018/19,AFC Bournemouth,Fulham,0-1
4/20/2019,2018/19,Newcastle United,Southampton,3-1
4/20/2019,2018/19,Manchester City,Tottenham Hotspur,1-0
4/20/2019,2018/19,Huddersfield Town,Watford,1-2
4/20/2019,2018/19,West Ham United,Leicester City,2-2
4/20/2019,2018/19,Wolverhampton Wanderers,Brighton and Hove Albion,0-0
4/16/2019,2018/19,Brighton and Hove Albion,Cardiff City,0-2
4/15/2019,2018/19,Watford,Arsenal,0-1
4/14/2019,2018/19,Crystal Palace,Manchester City,1-3
4/14/2019,2018/19,Liverpool,Chelsea,2-0
4/13/2019,2018/19,Tottenham Hotspur,Huddersfield Town,4-0
4/13/2019,2018/19,Brighton and Hove Albion,AFC Bournemouth,0-5
4/13/2019,2018/19,Burnley,Cardiff City,2-0
4/13/2019,2018/19,Fulham,Everton,2-0
4/13/2019,2018/19,Southampton,Wolverhampton Wanderers,3-1
4/13/2019,2018/19,Manchester United,West Ham United,2-1
4/12/2019,2018/19,Leicester City,Newcastle United,0-1
4/8/2019,2018/19,Chelsea,West Ham United,2-0
4/7/2019,2018/19,Everton,Arsenal,1-0
4/6/2019,2018/19,AFC Bournemouth,Burnley,1-3
4/6/2019,2018/19,Huddersfield Town,Leicester City,1-4
4/6/2019,2018/19,Newcastle United,Crystal Palace,0-1
4/5/2019,2018/19,Southampton,Liverpool,1-3
4/3/2019,2018/19,Chelsea,Brighton and Hove Albion,3-0
4/3/2019,2018/19,Manchester City,Cardiff City,2-0
4/3/2019,2018/19,Tottenham Hotspur,Crystal Palace,2-0
4/2/2019,2018/19,Watford,Fulham,4-1
4/2/2019,2018/19,Wolverhampton Wanderers,Manchester United,2-1
4/1/2019,2018/19,Arsenal,Newcastle United,2-0
3/31/2019,2018/19,Cardiff City,Chelsea,1-2
3/31/2019,2018/19,Liverpool,Tottenham Hotspur,2-1
3/30/2019,2018/19,Fulham,Manchester City,0-2
3/30/2019,2018/19,Brighton and Hove Albion,Southampton,0-1
3/30/2019,2018/19,Burnley,Wolverhampton Wanderers,2-0
3/30/2019,2018/19,Crystal Palace,Huddersfield Town,2-0
3/30/2019,2018/19,Leicester City,AFC Bournemouth,2-0
3/30/2019,2018/19,Manchester United,Watford,2-1
3/30/2019,2018/19,West Ham United,Everton,0-2
3/17/2019,2018/19,Fulham,Liverpool,1-2
3/17/2019,2018/19,Everton,Chelsea,2-0
3/16/2019,2018/19,AFC Bournemouth,Newcastle United,2-2
3/16/2019,2018/19,Burnley,Leicester City,1-2
3/16/2019,2018/19,West Ham United,Huddersfield Town,4-3
3/10/2019,2018/19,Liverpool,Burnley,4-2
3/10/2019,2018/19,Chelsea,Wolverhampton Wanderers,1-1
3/10/2019,2018/19,Arsenal,Manchester United,2-0
3/9/2019,2018/19,Crystal Palace,Brighton and Hove Albion,1-2
3/9/2019,2018/19,Cardiff City,West Ham United,2-0
3/9/2019,2018/19,Huddersfield Town,AFC Bournemouth,0-2
3/9/2019,2018/19,Leicester City,Fulham,3-1
3/9/2019,2018/19,Newcastle United,Everton,3-2
3/9/2019,2018/19,Southampton,Tottenham Hotspur,2-1
3/9/2019,2018/19,Manchester City,Watford,3-1
3/3/2019,2018/19,Watford,Leicester City,2-1
3/3/2019,2018/19,Fulham,Chelsea,1-2
3/3/2019,2018/19,Everton,Liverpool,0-0
3/2/2019,2018/19,AFC Bournemouth,Manchester City,0-1
3/2/2019,2018/19,Brighton and Hove Albion,Huddersfield Town,1-0
3/2/2019,2018/19,Burnley,Crystal Palace,1-3
3/2/2019,2018/19,Manchester United,Southampton,3-2
3/2/2019,2018/19,Wolverhampton Wanderers,Cardiff City,2-0
3/2/2019,2018/19,West Ham United,Newcastle United,2-0
2/27/2019,2018/19,Arsenal,AFC Bournemouth,5-1
2/27/2019,2018/19,Southampton,Fulham,2-0
2/27/2019,2018/19,Chelsea,Tottenham Hotspur,2-0
2/27/2019,2018/19,Crystal Palace,Manchester United,1-3
2/27/2019,2018/19,Liverpool,Watford,5-0
2/27/2019,2018/19,Manchester City,West Ham United,1-0
2/26/2019,2018/19,Cardiff City,Everton,0-3
2/26/2019,2018/19,Huddersfield Town,Wolverhampton Wanderers,1-0
2/26/2019,2018/19,Leicester City,Brighton and Hove Albion,2-1
2/26/2019,2018/19,Newcastle United,Burnley,2-0
2/24/2019,2018/19,Arsenal,Southampton,2-0
2/24/2019,2018/19,Manchester United,Liverpool,0-0
2/23/2019,2018/19,Burnley,Tottenham Hotspur,2-1
2/23/2019,2018/19,AFC Bournemouth,Wolverhampton Wanderers,1-1
2/23/2019,2018/19,Newcastle United,Huddersfield Town,2-0
2/23/2019,2018/19,Leicester City,Crystal Palace,1-4
2/22/2019,2018/19,Cardiff City,Watford,1-5
2/22/2019,2018/19,West Ham United,Fulham,3-1
2/11/2019,2018/19,Wolverhampton Wanderers,Newcastle United,1-1
2/10/2019,2018/19,Manchester City,Chelsea,6-0
2/9/2019,2018/19,Fulham,Manchester United,0-3
2/9/2019,2018/19,Crystal Palace,West Ham United,1-1
2/9/2019,2018/19,Huddersfield Town,Arsenal,1-2
2/9/2019,2018/19,Liverpool,AFC Bournemouth,3-0
2/9/2019,2018/19,Southampton,Cardiff City,1-2
2/9/2019,2018/19,Watford,Everton,1-0
2/9/2019,2018/19,Brighton and Hove Albion,Burnley,1-3
2/6/2019,2018/19,Everton,Manchester City,0-2
2/4/2019,2018/19,West Ham United,Liverpool,1-1
2/3/2019,2018/19,Leicester City,Manchester United,0-1
2/3/2019,2018/19,Manchester City,Arsenal,3-1
2/2/2019,2018/19,Brighton and Hove Albion,Watford,0-0
2/2/2019,2018/19,Burnley,Southampton,1-1
2/2/2019,2018/19,Chelsea,Huddersfield Town,5-0
2/2/2019,2018/19,Crystal Palace,Fulham,2-0
2/2/2019,2018/19,Everton,Wolverhampton Wanderers,1-3
2/2/2019,2018/19,Cardiff City,AFC Bournemouth,2-0
1/30/2019,2018/19,AFC Bournemouth,Chelsea,4-0
1/30/2019,2018/19,Southampton,Crystal Palace,1-1
1/30/2019,2018/19,Liverpool,Leicester City,1-1
1/29/2019,2018/19,Arsenal,Cardiff City,2-1
1/29/2019,2018/19,Fulham,Brighton and Hove Albion,4-2
1/29/2019,2018/19,Huddersfield Town,Everton,0-1
1/29/2019,2018/19,Wolverhampton Wanderers,West Ham United,3-0
1/29/2019,2018/19,Manchester United,Burnley,2-2
1/29/2019,2018/19,Newcastle United,Manchester City,2-1
1/20/2019,2018/19,Huddersfield Town,Manchester City,0-3
1/20/2019,2018/19,Fulham,Tottenham Hotspur,1-2
1/19/2019,2018/19,Wolverhampton Wanderers,Leicester City,4-3
1/19/2019,2018/19,AFC Bournemouth,West Ham United,2-0
1/19/2019,2018/19,Liverpool,Crystal Palace,4-3
1/19/2019,2018/19,Manchester United,Brighton and Hove Albion,2-1
1/19/2019,2018/19,Newcastle United,Cardiff City,3-0
1/19/2019,2018/19,Southampton,Everton,2-1
1/19/2019,2018/19,Watford,Burnley,0-0
1/19/2019,2018/19,Arsenal,Chelsea,2-0
1/14/2019,2018/19,Manchester City,Wolverhampton Wanderers,3-0
1/13/2019,2018/19,Everton,AFC Bournemouth,2-0
1/12/2019,2018/19,West Ham United,Arsenal,1-0
1/12/2019,2018/19,Brighton and Hove Albion,Liverpool,0-1
1/12/2019,2018/19,Burnley,Fulham,2-1
1/12/2019,2018/19,Cardiff City,Huddersfield Town,0-0
1/12/2019,2018/19,Crystal Palace,Watford,1-2
1/12/2019,2018/19,Leicester City,Southampton,1-2
1/12/2019,2018/19,Chelsea,Newcastle United,2-1
1/3/2019,2018/19,Manchester City,Liverpool,2-1
1/2/2019,2018/19,AFC Bournemouth,Watford,3-3
1/2/2019,2018/19,Chelsea,Southampton,0-0
1/2/2019,2018/19,Huddersfield Town,Burnley,1-2
1/2/2019,2018/19,West Ham United,Brighton and Hove Albion,2-2
1/2/2019,2018/19,Wolverhampton Wanderers,Crystal Palace,0-2
1/2/2019,2018/19,Newcastle United,Manchester United,0-2
1/1/2019,2018/19,Everton,Leicester City,0-1
1/1/2019,2018/19,Arsenal,Fulham,4-1
1/1/2019,2018/19,Cardiff City,Tottenham Hotspur,0-3
12/30/2018,2018/19,Crystal Palace,Chelsea,0-1
12/30/2018,2018/19,Burnley,West Ham United,2-0
12/30/2018,2018/19,Southampton,Manchester City,1-3
12/30/2018,2018/19,Manchester United,AFC Bournemouth,4-1
12/29/2018,2018/19,Brighton and Hove Albion,Everton,1-0
12/29/2018,2018/19,Fulham,Huddersfield Town,1-0
12/29/2018,2018/19,Leicester City,Cardiff City,0-1
12/29/2018,2018/19,Watford,Newcastle United,1-1
12/29/2018,2018/19,Liverpool,Arsenal,5-1
12/27/2018,2018/19,Southampton,West Ham United,1-2
12/26/2018,2018/19,Fulham,Wolverhampton Wanderers,1-1
12/26/2018,2018/19,Burnley,Everton,1-5
12/26/2018,2018/19,Crystal Palace,Cardiff City,0-0
12/26/2018,2018/19,Leicester City,Manchester City,2-1
12/26/2018,2018/19,Liverpool,Newcastle United,4-0
12/26/2018,2018/19,Manchester United,Huddersfield Town,3-1
12/26/2018,2018/19,Brighton and Hove Albion,Arsenal,1-1
12/26/2018,2018/19,Watford,Chelsea,1-2
12/23/2018,2018/19,Everton,Tottenham Hotspur,2-6
12/22/2018,2018/19,Arsenal,Burnley,3-1
12/22/2018,2018/19,AFC Bournemouth,Brighton and Hove Albion,2-0
12/22/2018,2018/19,Chelsea,Leicester City,0-1
12/22/2018,2018/19,Huddersfield Town,Southampton,1-3
12/22/2018,2018/19,Manchester City,Crystal Palace,2-3
12/22/2018,2018/19,Newcastle United,Fulham,0-0
12/22/2018,2018/19,West Ham United,Watford,0-2
12/22/2018,2018/19,Cardiff City,Manchester United,1-5
12/21/2018,2018/19,Wolverhampton Wanderers,Liverpool,0-2
12/16/2018,2018/19,Brighton and Hove Albion,Chelsea,1-2
12/16/2018,2018/19,Southampton,Arsenal,3-2
12/16/2018,2018/19,Liverpool,Manchester United,3-1
12/15/2018,2018/19,Manchester City,Everton,3-1
12/15/2018,2018/19,Crystal Palace,Leicester City,1-0
12/15/2018,2018/19,Huddersfield Town,Newcastle United,0-1
12/15/2018,2018/19,Watford,Cardiff City,3-2
12/15/2018,2018/19,Wolverhampton Wanderers,AFC Bournemouth,2-0
12/15/2018,2018/19,Fulham,West Ham United,0-2
12/10/2018,2018/19,Everton,Watford,2-2
12/9/2018,2018/19,Newcastle United,Wolverhampton Wanderers,1-2
12/8/2018,2018/19,AFC Bournemouth,Liverpool,0-4
12/8/2018,2018/19,Arsenal,Huddersfield Town,1-0
12/8/2018,2018/19,Burnley,Brighton and Hove Albion,1-0
12/8/2018,2018/19,Cardiff City,Southampton,1-0
12/8/2018,2018/19,Manchester United,Fulham,4-1
12/8/2018,2018/19,West Ham United,Crystal Palace,3-2
12/8/2018,2018/19,Chelsea,Manchester City,2-0
12/8/2018,2018/19,Leicester City,Tottenham Hotspur,0-2
12/5/2018,2018/19,Burnley,Liverpool,1-3
12/5/2018,2018/19,Everton,Newcastle United,1-1
12/5/2018,2018/19,Fulham,Leicester City,1-1
12/5/2018,2018/19,Wolverhampton Wanderers,Chelsea,2-1
12/5/2018,2018/19,Manchester United,Arsenal,2-2
12/4/2018,2018/19,AFC Bournemouth,Huddersfield Town,2-1
12/4/2018,2018/19,Brighton and Hove Albion,Crystal Palace,3-1
12/4/2018,2018/19,West Ham United,Cardiff City,3-1
12/4/2018,2018/19,Watford,Manchester City,1-2
12/2/2018,2018/19,Chelsea,Fulham,2-0
12/2/2018,2018/19,Arsenal,Tottenham Hotspur,4-2
12/2/2018,2018/19,Liverpool,Everton,1-0
12/1/2018,2018/19,Crystal Palace,Burnley,2-0
12/1/2018,2018/19,Huddersfield Town,Brighton and Hove Albion,1-2
12/1/2018,2018/19,Leicester City,Watford,2-0
12/1/2018,2018/19,Manchester City,AFC Bournemouth,3-1
12/1/2018,2018/19,Newcastle United,West Ham United,0-3
12/1/2018,2018/19,Southampton,Manchester United,2-2
11/30/2018,2018/19,Cardiff City,Wolverhampton Wanderers,2-1
11/26/2018,2018/19,Burnley,Newcastle United,1-2
11/25/2018,2018/19,AFC Bournemouth,Arsenal,1-2
11/25/2018,2018/19,Wolverhampton Wanderers,Huddersfield Town,0-2
11/24/2018,2018/19,Brighton and Hove Albion,Leicester City,1-1
11/24/2018,2018/19,Everton,Cardiff City,1-0
11/24/2018,2018/19,Fulham,Southampton,3-2
11/24/2018,2018/19,Manchester United,Crystal Palace,0-0
11/24/2018,2018/19,Watford,Liverpool,0-3
11/24/2018,2018/19,West Ham United,Manchester City,0-4
11/11/2018,2018/19,Liverpool,Fulham,2-0
11/11/2018,2018/19,Chelsea,Everton,0-0
11/11/2018,2018/19,Arsenal,Wolverhampton Wanderers,1-1
11/11/2018,2018/19,Manchester City,Manchester United,3-1
11/10/2018,2018/19,Cardiff City,Brighton and Hove Albion,2-1
11/10/2018,2018/19,Huddersfield Town,West Ham United,1-1
11/10/2018,2018/19,Leicester City,Burnley,0-0
11/10/2018,2018/19,Newcastle United,AFC Bournemouth,2-1
11/10/2018,2018/19,Southampton,Watford,1-1
11/10/2018,2018/19,Crystal Palace,Tottenham Hotspur,0-1
11/5/2018,2018/19,Huddersfield Town,Fulham,1-0
11/4/2018,2018/19,Manchester City,Southampton,6-1
11/4/2018,2018/19,Chelsea,Crystal Palace,3-1
11/3/2018,2018/19,AFC Bournemouth,Manchester United,1-2
11/3/2018,2018/19,Cardiff City,Leicester City,0-1
11/3/2018,2018/19,Everton,Brighton and Hove Albion,3-1
11/3/2018,2018/19,Newcastle United,Watford,1-0
11/3/2018,2018/19,West Ham United,Burnley,4-2
11/3/2018,2018/19,Arsenal,Liverpool,1-1
11/3/2018,2018/19,Wolverhampton Wanderers,Tottenham Hotspur,2-3
10/28/2018,2018/19,Burnley,Chelsea,0-4
10/28/2018,2018/19,Crystal Palace,Arsenal,2-2
10/28/2018,2018/19,Manchester United,Everton,2-1
10/27/2018,2018/19,Brighton and Hove Albion,Wolverhampton Wanderers,1-0
10/27/2018,2018/19,Fulham,AFC Bournemouth,0-3
10/27/2018,2018/19,Liverpool,Cardiff City,4-1
10/27/2018,2018/19,Southampton,Newcastle United,0-0
10/27/2018,2018/19,Watford,Huddersfield Town,3-0
10/27/2018,2018/19,Leicester City,West Ham United,1-1
10/22/2018,2018/19,Arsenal,Leicester City,3-1
10/21/2018,2018/19,Everton,Crystal Palace,2-0
10/20/2018,2018/19,Chelsea,Manchester United,2-2
10/20/2018,2018/19,AFC Bournemouth,Southampton,0-0
10/20/2018,2018/19,Cardiff City,Fulham,4-2
10/20/2018,2018/19,Manchester City,Burnley,5-0
10/20/2018,2018/19,Newcastle United,Brighton and Hove Albion,0-1
10/20/2018,2018/19,West Ham United,Tottenham Hotspur,0-1
10/20/2018,2018/19,Wolverhampton Wanderers,Watford,0-2
10/20/2018,2018/19,Huddersfield Town,Liverpool,0-1
10/7/2018,2018/19,Fulham,Arsenal,1-5
10/7/2018,2018/19,Southampton,Chelsea,0-3
10/7/2018,2018/19,Liverpool,Manchester City,0-0
10/6/2018,2018/19,Burnley,Huddersfield Town,1-1
10/6/2018,2018/19,Crystal Palace,Wolverhampton Wanderers,0-1
10/6/2018,2018/19,Leicester City,Everton,1-2
10/6/2018,2018/19,Watford,AFC Bournemouth,0-4
10/6/2018,2018/19,Manchester United,Newcastle United,3-2
10/5/2018,2018/19,Brighton and Hove Albion,West Ham United,1-0
10/1/2018,2018/19,AFC Bournemouth,Crystal Palace,2-1
9/30/2018,2018/19,Cardiff City,Burnley,1-2
9/29/2018,2018/19,West Ham United,Manchester United,3-1
9/29/2018,2018/19,Arsenal,Watford,2-0
9/29/2018,2018/19,Everton,Fulham,3-0
9/29/2018,2018/19,Huddersfield Town,Tottenham Hotspur,0-2
9/29/2018,2018/19,Manchester City,Brighton and Hove Albion,2-0
9/29/2018,2018/19,Newcastle United,Leicester City,0-2
9/29/2018,2018/19,Wolverhampton Wanderers,Southampton,2-0
9/29/2018,2018/19,Chelsea,Liverpool,1-1
9/23/2018,2018/19,West Ham United,Chelsea,0-0
9/23/2018,2018/19,Arsenal,Everton,2-0
9/22/2018,2018/19,Fulham,Watford,1-1
9/22/2018,2018/19,Burnley,AFC Bournemouth,4-0
9/22/2018,2018/19,Cardiff City,Manchester City,0-5
9/22/2018,2018/19,Crystal Palace,Newcastle United,0-0
9/22/2018,2018/19,Leicester City,Huddersfield Town,3-1
9/22/2018,2018/19,Liverpool,Southampton,3-0
9/22/2018,2018/19,Manchester United,Wolverhampton Wanderers,1-1
9/22/2018,2018/19,Brighton and Hove Albion,Tottenham Hotspur,1-2
9/17/2018,2018/19,Southampton,Brighton and Hove Albion,2-2
9/16/2018,2018/19,Wolverhampton Wanderers,Burnley,1-0
9/16/2018,2018/19,Everton,West Ham United,1-3
9/15/2018,2018/19,AFC Bournemouth,Leicester City,4-2
9/15/2018,2018/19,Chelsea,Cardiff City,4-1
9/15/2018,2018/19,Huddersfield Town,Crystal Palace,0-1
9/15/2018,2018/19,Manchester City,Fulham,3-0
9/15/2018,2018/19,Newcastle United,Arsenal,1-2
9/15/2018,2018/19,Watford,Manchester United,1-2
9/2/2018,2018/19,Cardiff City,Arsenal,2-3
9/2/2018,2018/19,Burnley,Manchester United,0-2
9/2/2018,2018/19,Watford,Tottenham Hotspur,2-1
9/1/2018,2018/19,Leicester City,Liverpool,1-2
9/1/2018,2018/19,Brighton and Hove Albion,Fulham,2-2
9/1/2018,2018/19,Chelsea,AFC Bournemouth,2-0
9/1/2018,2018/19,Crystal Palace,Southampton,0-2
9/1/2018,2018/19,Everton,Huddersfield Town,1-1
9/1/2018,2018/19,West Ham United,Wolverhampton Wanderers,0-1
9/1/2018,2018/19,Manchester City,Newcastle United,2-1
8/27/2018,2018/19,Manchester United,Tottenham Hotspur,0-3
8/26/2018,2018/19,Watford,Crystal Palace,2-1
8/26/2018,2018/19,Fulham,Burnley,4-2
8/26/2018,2018/19,Newcastle United,Chelsea,1-2
8/25/2018,2018/19,Wolverhampton Wanderers,Manchester City,1-1
8/25/2018,2018/19,AFC Bournemouth,Everton,2-2
8/25/2018,2018/19,Arsenal,West Ham United,3-1
8/25/2018,2018/19,Huddersfield Town,Cardiff City,0-0
8/25/2018,2018/19,Southampton,Leicester City,1-2
8/25/2018,2018/19,Liverpool,Brighton and Hove Albion,1-0
8/20/2018,2018/19,Crystal Palace,Liverpool,0-2
8/19/2018,2018/19,Burnley,Watford,1-3
8/19/2018,2018/19,Manchester City,Huddersfield Town,6-1
8/19/2018,2018/19,Brighton and Hove Albion,Manchester United,3-2
8/18/2018,2018/19,Cardiff City,Newcastle United,0-0
8/18/2018,2018/19,Everton,Southampton,2-1
8/18/2018,2018/19,Leicester City,Wolverhampton Wanderers,2-0
8/18/2018,2018/19,West Ham United,AFC Bournemouth,1-2
8/18/2018,2018/19,Chelsea,Arsenal,3-2
8/12/2018,2018/19,Liverpool,West Ham United,4-0
8/12/2018,2018/19,Southampton,Burnley,0-0
8/12/2018,2018/19,Arsenal,Manchester City,0-2
8/11/2018,2018/19,Newcastle United,Tottenham Hotspur,1-2
8/11/2018,2018/19,AFC Bournemouth,Cardiff City,2-0
8/11/2018,2018/19,Fulham,Crystal Palace,0-2
8/11/2018,2018/19,Huddersfield Town,Chelsea,0-3
8/11/2018,2018/19,Watford,Brighton and Hove Albion,2-0
8/11/2018,2018/19,Wolverhampton Wanderers,Everton,2-2
8/10/2018,2018/19,Manchester United,Leicester City,2-1