Bernd Leno,Germany,04/03/92,Goalkeeper,190
Arthur Okonkwo,England,09/09/01,Goalkeeper,198
Kieran Tierney,Scotland,05/06/97,Defender,178
Gabriel Magalhães,Brazil,12/19/97,Defender,190
Rob Holding,England,09/20/95,Defender,189
Cédric Soares,Portugal,08/31/91,Defender,172
Bukayo Saka,England,05/09/01,Midfielder,178
Thomas Partey,Ghana,06/13/93,Midfielder,185
Mohamed Elneny,Egypt,11/07/92,Midfielder,180
Emile Smith Rowe,England,07/28/00,Midfielder,182
Granit Xhaka,Switzerland,09/27/92,Midfielder,185
Alexandre Lacazette,France,05/28/91,Forward,175
Nicolas Pépé,Cote,05/29/95,Forward,183
Eddie Nketiah,England,05/30/99,Forward,175
Gabriel Martinelli,Brazil,06/18/01,Forward,178
Nuno Tavares,Portugal,01/26/00,Defender,183
Albert Sambi Lokonga,Belgium,10/22/99,Midfielder,173
Benjamin White,England,08/10/97,Defender,182
Martin Ødegaard,Norway,12/17/98,Midfielder,178
Aaron Ramsdale,England,05/14/98,Goalkeeper,188
Takehiro Tomiyasu,Japan,05/11/98,Defender,188
Salah-Eddine Oulad M'hand,Netherlands,08/20/03,Midfielder,
Charlie Patino,England,10/17/03,Midfielder,
Omari Hutchinson,England,10/29/03,Midfielder,
Mika Biereth,England,08/02/03,Forward,
Zach Awe,England,09/01/04,Defender,
Zak Swanson,England,09/28/00,Defender,
Mazeed Ogungbo,Ireland,10/20/02,Defender,
Marcelo Flores,Mexico,01/10/03,Midfielder,
Miguel Azeez,England,09/20/02,Midfielder,
Emiliano Martínez,Argentina,02/09/92,Goalkeeper,195
Matthew Cash,Poland,07/08/97,Defender,185
Ezri Konsa,England,10/23/97,Defender,183
Tyrone Mings,England,03/13/93,Defender,196
Kortney Hause,England,07/16/95,Defender,191
Douglas Luiz,Brazil,09/05/98,Midfielder,175
John McGinn,Scotland,10/18/94,Midfielder,178
Marvelous Nakamba,Zimbabwe,01/19/94,Midfielder,178
Morgan Sanson,France,08/18/94,Midfielder,180
Jacob Ramsey,England,05/28/01,Midfielder,
Ollie Watkins,England,12/30/95,Forward,180
Bertrand Traoré,Burkina,06/09/95,Forward,181
Emiliano Buendía,Argentina,12/25/96,Midfielder,172
Ashley Young,England,09/07/85,Defender,175
Leon Bailey,Jamaica,09/08/97,Forward,178
Danny Ings,England,07/23/92,Forward,178
Carney Chukwuemeka,England,10/20/03,Midfielder,
Viljami Sinisalo,Finland,11/10/01,Goalkeeper,
Sil Swinkels,Netherlands,06/01/04,Defender,
Lamare Bogarde,Netherlands,05/01/04,Midfielder,
Hayden Lindley,England,02/09/02,Midfielder,
Tim Iroegbunam,England,06/30/03,Midfielder,
Josh Feeney,England,06/05/05,Midfielder,
Philippe Coutinho,Brazil,12/06/92,Midfielder,172
Lucas Digne,France,07/20/93,Defender,178
Robin Olsen,Sweden,08/01/90,Goalkeeper,198
Calum Chambers,England,01/20/95,Defender,182
Benjamin Chrisene,England,12/01/04,Midfielder,
Tommi O'Reilly,England,12/15/03,Midfielder,
David Raya,Spain,09/15/95,Goalkeeper,183
Rico Henry,England,08/07/97,Defender,170
Ethan Pinnock,Jamaica,05/29/93,Defender,187
Pontus Jansson,Sweden,02/13/91,Defender,194
Mads Bech Sørensen,Denmark,07/01/99,Defender,189
Mads Roerslev,Denmark,06/24/99,Defender,184
Christian Nørgaard,Denmark,10/03/94,Midfielder,187
Mathias Jensen,Denmark,01/01/96,Midfielder,180
Josh Dasilva,England,10/23/98,Midfielder,184
Bryan Mbeumo,France,07/08/99,Midfielder,171
Tariqe Fosu-Henry,Ghana,05/11/95,Midfielder,180
Shandon Baptiste,Grenada,08/04/98,Midfielder,175
Vitaly Janelt,Germany,10/05/98,Midfielder,184
Sergi Canós,Spain,02/02/97,Forward,177
Ivan Toney,England,03/16/96,Forward,179
Saman Ghoddos,Iran,06/09/93,Forward,176
Julian Jeanvier,Guinea,03/31/92,Defender,185
Finley Stevens,Wales,10/04/03,Defender,
Lewis Gordon,England,12/02/01,Defender,
Maxwell Haygarth,England,01/21/02,Midfielder,
Kristoffer Ajer,Norway,04/17/98,Defender,196
Frank Onyeka,Nigeria,01/01/98,Midfielder,183
Myles Peart-Harris,England,09/18/02,Midfielder,
Yoane Wissa,DR,03/09/96,Midfielder,176
Álvaro Fernández,Spain,04/13/98,Goalkeeper,185
Zanka,Denmark,04/23/90,Defender,191
Paris Maghoma,England,08/05/01,Midfielder,
Matthew Cox,England,02/05/03,Goalkeeper,
Daniel Oyegoke,England,03/01/03,Defender,
Nathan Young-Coombes,England,01/15/03,Forward,
Patrik Gunnarsson,Iceland,11/15/00,Goalkeeper,190
Jonas Lössl,Denmark,01/02/89,Goalkeeper,195
Christian Eriksen,Denmark,02/14/92,Midfielder,182
Jason Steele,England,08/18/90,Goalkeeper,188
Robert Sánchez,Spain,11/18/97,Goalkeeper,197
Tariq Lamptey,England,09/30/00,Defender,
Adam Webster,England,04/01/95,Defender,191
Lewis Dunk,England,11/21/91,Defender,192
Joël Veltman,Netherlands,01/15/92,Defender,184
Yves Bissouma,Mali,08/30/96,Midfielder,182
Alexis Mac Allister,Argentina,12/24/98,Midfielder,176
Pascal Groß,Germany,06/15/91,Midfielder,181
Adam Lallana,England,10/05/88,Midfielder,172
Jakub Moder,Poland,07/04/99,Midfielder,188
Steven Alzate,Colombia,08/09/98,Midfielder,180
Solly March,England,07/20/94,Midfielder,180
Neal Maupay,France,08/14/96,Forward,173
Leandro Trossard,Belgium,04/12/94,Forward,171
Danny Welbeck,England,11/26/90,Forward,185
Shane Duffy,Ireland,01/01/92,Defender,193
Enock Mwepu,Zambia,01/01/98,Midfielder,184
Haydon Roberts,England,10/05/02,Defender,
James Furlong,Ireland,07/06/02,Defender,
Marc Leonard,Scotland,12/19/01,Midfielder,
Evan Ferguson,Ireland,10/19/04,Forward,
Odeluga Offiah,England,10/26/02,Defender,
Antef Tsoungui,England,12/30/02,Defender,
Andrew Moran,Ireland,10/15/03,Midfielder,
Thomas McGill,England,03/25/00,Goalkeeper,
Marc Cucurella,Spain,07/22/98,Defender,172
Tudor Baluta,Romania,03/27/99,Defender,192
Ed Turns,Wales,10/18/02,Defender,
Jeremy Sarmiento,Ecuador,06/16/02,Forward,
Lars Dendoncker,Belgium,03/04/01,Defender,
Moisés Caicedo,Ecuador,02/11/01,Midfielder,178
Kjell Scherpen,Netherlands,01/23/00,Goalkeeper,204
Nick Pope,England,04/19/92,Goalkeeper,191
Will Norris,England,12/08/93,Goalkeeper,195
Matthew Lowton,England,09/06/89,Defender,180
Charlie Taylor,England,09/18/93,Defender,176
James Tarkowski,England,11/19/92,Defender,185
Ben Mee,England,09/21/89,Defender,180
Erik Pieters,Netherlands,07/08/88,Defender,183
Phil Bardsley,Scotland,06/28/85,Defender,180
Kevin Long,Ireland,08/18/90,Defender,188
Jack Cork,England,06/25/89,Midfielder,183
Jóhann Gudmundsson,Iceland,10/27/90,Midfielder,186
Josh Brownhill,England,12/19/95,Midfielder,180
Dwight McNeil,England,11/22/99,Midfielder,183
Dale Stephens,England,12/06/89,Midfielder,169
Ashley Westwood,England,01/04/90,Midfielder,175
Ashley Barnes,England,10/30/89,Forward,186
Jay Rodriguez,England,07/29/89,Forward,185
Matej Vydra,Czech,01/05/92,Forward,180
Nathan Collins,Ireland,04/30/01,Defender,193
Wayne Hennessey,Wales,01/24/87,Goalkeeper,198
Bobby Thomas,England,01/30/01,Defender,
Lewis Richardson,England,07/02/03,Midfielder,
Owen Dodgson,England,03/19/03,Defender,
Aaron Lennon,England,04/16/87,Midfielder,165
Maxwel Cornet,Cote,09/27/96,Midfielder,179
Connor Roberts,Wales,09/23/95,Defender,175
Mark Helm,England,10/21/01,Midfielder,
Joseph McGlynn,Scotland,09/27/02,Forward,
Wout Weghorst,Netherlands,07/08/92,Forward,197
Sam Waller,England,09/09/03,Goalkeeper,
Kepa Arrizabalaga,Spain,03/10/94,Goalkeeper,189
Édouard Mendy,Senegal,01/03/92,Goalkeeper,197
Antonio Rüdiger,Germany,03/03/93,Defender,190
Marcos Alonso,Spain,12/28/90,Defender,188
Andreas Christensen,Denmark,10/04/96,Defender,187
Thiago Silva,Brazil,09/22/84,Defender,183
Ben Chilwell,England,12/21/96,Defender,178
Reece James,England,08/12/99,Defender,182
César Azpilicueta,Spain,08/28/89,Defender,178
Jorginho,Italy,12/20/91,Midfielder,180
N'Golo Kanté,France,03/29/91,Midfielder,168
Christian Pulisic,United,09/18/98,Midfielder,172
Mateo Kovacic,Croatia,06/05/94,Midfielder,178
Mason Mount,England,10/01/99,Midfielder,178
Hakim Ziyech,Morocco,03/19/93,Midfielder,180
Kai Havertz,Germany,11/06/99,Midfielder,188
Timo Werner,Germany,06/03/96,Forward,180
Callum Hudson-Odoi,England,07/11/00,Forward,182
Ruben Loftus-Cheek,England,01/23/96,Midfielder,191
Trevoh Chalobah,England,05/07/99,Defender,190
Marcus Bettinelli,England,05/24/92,Goalkeeper,194
Romelu Lukaku,Belgium,05/13/93,Forward,190
Lucas Bergström,Finland,05/09/02,Goalkeeper,
Saúl Ñíguez,Spain,11/21/94,Midfielder,184
Ross Barkley,England,05/12/93,Midfielder,189
Malang Sarr,France,01/23/99,Defender,182
Xavier Mbuyamba,Netherlands,12/31/01,Defender,
Teddy Sharman-Lowe,England,03/30/03,Goalkeeper,189
Harvey Vale,England,11/09/03,Midfielder,
Xavier Simons,England,02/20/03,Midfielder,
Charlie Webster,England,01/31/04,Midfielder,
Lewis Hall,England,08/09/04,Midfielder,
Jude Soonsup-Bell,England,10/01/04,Forward,
Kenedy,Brazil,08/02/96,Midfielder,182
Dylan Williams,England,09/13/03,Defender,
Jack Butland,England,10/03/93,Goalkeeper,196
Vicente Guaita,Spain,10/01/87,Goalkeeper,190
Joel Ward,England,10/29/89,Defender,188
James Tomkins,England,03/29/89,Defender,192
Nathaniel Clyne,England,05/04/91,Defender,175
Tyrick Mitchell,England,01/09/99,Defender,
Martin Kelly,England,04/27/90,Defender,191
Nathan Ferguson,England,06/10/00,Defender,178
Luka Milivojevic,Serbia,07/04/91,Midfielder,186
Cheikhou Kouyaté,Senegal,12/21/89,Midfielder,189
Jeffrey Schlupp,Ghana,12/23/92,Midfielder,178
James McArthur,Scotland,07/10/87,Midfielder,178
Eberechi Eze,England,06/29/98,Midfielder,
Jairo Riedewald,Netherlands,09/09/96,Midfielder,182
Jordan Ayew,Ghana,11/09/91,Forward,182
Wilfried Zaha,Cote,10/11/92,Forward,180
Christian Benteke,Belgium,03/12/90,Forward,190
Michael Olise,France,12/12/01,Midfielder,176
Marc Guéhi,England,07/13/00,Defender,182
Joachim Andersen,Denmark,05/31/96,Defender,192
Conor Gallagher,England,06/02/00,Midfielder,182
Remi Matthews,England,10/02/94,Goalkeeper,184
Reece Hannam,England,11/09/00,Defender,
Jesurun Rak-Sakyi,England,05/10/02,Midfielder,
Scott Banks,Scotland,09/26/01,Forward,
Will Hughes,England,04/17/95,Midfielder,185
Odsonne Édouard,France,01/16/98,Forward,187
Jack Wells-Morrison,England,02/18/04,Midfielder,
Jean-Philippe Mateta,France,06/28/97,Forward,192
Omotayo Adaramola,Ireland,11/13/03,Defender,
Jordan Pickford,England,07/03/94,Goalkeeper,185
Mason Holgate,England,10/22/96,Defender,184
Michael Keane,England,11/01/93,Defender,191
Yerry Mina,Colombia,09/23/94,Defender,195
Ben Godfrey,England,01/15/98,Defender,183
Séamus Coleman,Ireland,11/10/88,Defender,177
Allan,Brazil,08/01/91,Midfielder,173
Fabian Delph,England,11/21/89,Midfielder,174
Abdoulaye Doucouré,Mali,01/01/93,Midfielder,184
André Gomes,Portugal,07/30/93,Midfielder,188
Tom Davies,England,06/30/98,Midfielder,180
Richarlison,Brazil,10/05/97,Forward,184
Dominic Calvert-Lewin,England,03/16/97,Forward,187
Alexander Iwobi,Nigeria,03/05/96,Forward,180
Jonjoe Kenny,England,03/15/97,Defender,176
Jarrad Branthwaite,England,06/27/02,Defender,195
Cenk Tosun,Turkey,07/06/91,Forward,183
Andros Townsend,England,07/16/91,Midfielder,181
Asmir Begovic,Bosnia,06/20/87,Goalkeeper,199
Demarai Gray,England,06/28/96,Forward,180
Anthony Gordon,England,02/24/01,Forward,
Andy Lonergan,England,10/19/83,Goalkeeper,192
Salomón Rondón,Venezuela,09/16/89,Forward,186
Lewis Dobbin,England,03/01/03,Forward,
Charlie Whitaker,England,09/16/03,Midfielder,
Harry Tyrer,England,06/12/01,Goalkeeper,
Reece Welch,England,09/19/03,Defender,
Tyler Onyango,England,04/03/03,Midfielder,190
Vitalii Mykolenko,Ukraine,05/29/99,Defender,180
Nathan Patterson,Scotland,10/16/01,Defender,183
Anwar El Ghazi,Netherlands,03/05/95,Midfielder,188
Donny van de Beek,Netherlands,04/18/97,Midfielder,184
Dele Alli,England,11/04/96,Midfielder,188
Ryan Astley,Wales,04/10/01,Defender,
Isaac Price,Northern,09/26/03,Midfielder,
Illan Meslier,France,02/03/00,Goalkeeper,193
Luke Ayling,England,08/25/91,Defender,185
Robin Koch,Germany,07/17/96,Defender,192
Liam Cooper,Scotland,08/30/91,Defender,180
Diego Llorente,Spain,08/16/93,Defender,186
Pascal Struijk,Netherlands,11/08/99,Defender,190
Adam Forshaw,England,08/10/91,Midfielder,174
Stuart Dallas,Northern,04/19/91,Midfielder,183
Kalvin Phillips,England,02/12/95,Midfielder,178
Mateusz Klich,Poland,06/13/90,Midfielder,183
Jamie Shackleton,England,08/10/99,Midfielder,168
Patrick Bamford,England,05/09/93,Forward,185
Tyler Roberts,Wales,12/01/99,Forward,180
Raphinha,Brazil,12/14/96,Forward,176
Rodrigo,Spain,06/03/91,Forward,182
Laurens De Bock,Belgium,07/11/92,Defender,179
Jack Harrison,England,11/20/96,Midfielder,175
Junior Firpo,Spain,08/22/96,Defender,184
Kristoffer Klaesson,Norway,11/27/00,Goalkeeper,189
Crysencio Summerville,Netherlands,10/30/01,Midfielder,174
Sam Greenwood,England,01/26/02,Forward,185
Charlie Cresswell,England,08/17/02,Defender,
Joe Gelhardt,England,04/05/02,Forward,175
Liam McCarron,Scotland,07/03/01,Midfielder,175
Daniel James,Wales,10/11/97,Midfielder,171
Stuart McKinstry,Scotland,09/18/02,Midfielder,
Leo Fuhr Hjelde,Norway,08/26/03,Defender,188
Lewis Bate,England,10/28/02,Midfielder,
Jack Jenkins,England,03/23/02,Midfielder,
Kris Moore,England,11/13/03,Defender,
Nohan Kenneh,England,10/01/03,Midfielder,
Archie Gray,England,12/03/06,Midfielder,
Kasper Schmeichel,Denmark,05/11/86,Goalkeeper,189
Danny Ward,Wales,06/22/93,Goalkeeper,191
Eldin Jakupovic,Switzerland,02/10/84,Goalkeeper,191
James Justin,England,02/23/98,Defender,183
Wesley Fofana,France,12/17/00,Defender,190
Çaglar Söyüncü,Turkey,05/23/96,Defender,185
Jonny Evans,Northern,03/01/88,Defender,188
Daniel Amartey,Ghana,12/21/94,Defender,186
Ricardo Pereira,Portugal,06/10/93,Defender,175
Timothy Castagne,Belgium,05/12/95,Defender,185
Luke Thomas,England,10/06/01,Defender,
Youri Tielemans,Belgium,07/05/97,Midfielder,176
James Maddison,England,11/23/96,Midfielder,175
Marc Albrighton,England,11/18/89,Midfielder,175
Harvey Barnes,England,09/12/97,Midfielder,174
Hamza Choudhury,England,01/10/97,Midfielder,178
Nampalys Mendy,Senegal,06/23/92,Midfielder,167
Wilfred Ndidi,Nigeria,12/16/96,Midfielder,183
Jamie Vardy,England,11/01/87,Forward,179
Kelechi Iheanacho,Nigeria,03/10/96,Forward,185
Ayoze Pérez,Spain,07/29/93,Forward,178
Patson Daka,Zambia,09/10/98,Forward,183
Boubakary Soumaré,France,02/27/99,Midfielder,188
Ryan Bertrand,England,05/08/89,Defender,179
Kiernan Dewsbury-Hall,England,06/09/98,Midfielder,
Jannik Vestergaard,Denmark,03/08/92,Defender,199
Ben Nelson,England,03/18/04,Defender,
Thanawat Suengchitthawon,Thailand,08/01/00,Midfielder,
Ademola Lookman,Nigeria,10/20/97,Forward,174
Wanya Marçal-Madivadua,Portugal,10/19/02,Midfielder,
Oliver Ewing,Wales,03/01/03,Midfielder,
Lewis Brunt,England,06/11/00,Midfielder,
Sammy Braybrooke,England,12/03/04,Midfielder,
Will Alves,England,04/02/05,Forward,
Chituru Odunze,United,10/14/02,Goalkeeper,200
Alisson,Brazil,02/10/92,Goalkeeper,191
Adrián,Spain,03/01/87,Goalkeeper,190
Caoimhin Kelleher,Ireland,11/23/98,Goalkeeper,178
Virgil van Dijk,Netherlands,08/07/91,Defender,193
Joseph Gomez,England,05/23/97,Defender,188
Konstantinos Tsimikas,Greece,12/05/96,Defender,178
Andrew Robertson,Scotland,11/03/94,Defender,178
Joel Matip,Cameroon,08/08/91,Defender,195
Trent Alexander-Arnold,England,07/10/98,Defender,175
Fabinho,Brazil,10/23/93,Midfielder,188
Thiago,Spain,11/04/91,Midfielder,174
James Milner,England,04/01/86,Midfielder,175
Naby Keïta,Guinea,10/02/95,Midfielder,172
Jordan Henderson,England,06/17/90,Midfielder,182
Alex Oxlade-Chamberlain,England,08/15/93,Midfielder,180
Curtis Jones,England,01/30/01,Midfielder,185
Roberto Firmino,Brazil,02/10/91,Forward,181
Sadio Mané,Senegal,10/04/92,Forward,175
Mohamed Salah,Egypt,06/15/92,Forward,175
Diogo Jota,Portugal,04/12/96,Forward,178
Divock Origi,Belgium,04/18/95,Forward,185
Loris Karius,Germany,06/22/93,Goalkeeper,189
Harvey Elliott,England,04/04/03,Midfielder,170
Takumi Minamino,Japan,01/16/95,Forward,174
Ibrahima Konaté,France,05/25/99,Defender,194
James Balagizi,England,09/20/03,Midfielder,
Tyler Morton,England,10/31/02,Midfielder,
Conor Bradley,Northern,09/07/03,Midfielder,
Kaide Gordon,England,05/10/04,Forward,
Marcelo Pitaluga,Brazil,12/20/02,Goalkeeper,192
Owen Beck,Wales,09/08/02,Defender,
Elijah Dixon-Bonner,England,01/01/01,Midfielder,
Harvey Blair,England,09/14/03,Forward,
James Norris,England,04/04/03,Defender,
Max Woltman,England,08/20/03,Forward,
Jarell Quansah,England,01/29/03,Defender,
Billy Koumetio,France,11/14/02,Defender,
Isaac Mabaya,England,09/22/04,Midfielder,
Melkamu Frauendorf,Germany,12/01/04,Midfielder,
Luis Díaz,Colombia,01/13/97,Forward,178
Harvey Davies,England,03/09/03,Goalkeeper,
Zack Steffen,United,02/04/95,Goalkeeper,191
Ederson,Brazil,08/17/93,Goalkeeper,188
Kyle Walker,England,05/28/90,Defender,178
Rúben Dias,Portugal,05/14/97,Defender,186
John Stones,England,05/28/94,Defender,188
Nathan Aké,Netherlands,02/18/95,Defender,180
Oleksandr Zinchenko,Ukraine,12/15/96,Defender,175
Aymeric Laporte,Spain,05/27/94,Defender,191
Benjamin Mendy,France,07/17/94,Defender,185
João Cancelo,Portugal,05/27/94,Defender,182
Ilkay Gündogan,Germany,10/24/90,Midfielder,180
Rodri,Spain,06/22/96,Midfielder,191
Kevin De Bruyne,Belgium,06/28/91,Midfielder,181
Bernardo Silva,Portugal,10/08/94,Midfielder,173
Fernandinho,Brazil,04/05/85,Midfielder,179
Phil Foden,England,05/28/00,Midfielder,171
Raheem Sterling,England,08/12/94,Forward,170
Gabriel Jesus,Brazil,03/04/97,Forward,175
Riyad Mahrez,Algeria,02/21/91,Forward,179
Scott Carson,England,03/09/85,Goalkeeper,190
Jack Grealish,England,10/09/95,Midfielder,175
Cole Palmer,England,06/05/02,Midfielder,
Cieran Slicker,Scotland,09/15/02,Goalkeeper,
Roméo Lavia,Belgium,06/01/04,Midfielder,
Luke Mbete,England,09/18/03,Defender,
Joshua Wilson-Esbrand,England,12/26/02,Defender,
CJ Egan-Riley,England,02/01/03,Defender,
James McAtee,England,10/18/02,Midfielder,
Samuel Edozie,England,01/28/03,Forward,
Kayky,Brazil,11/06/03,Forward,175
Oscar Bobb,Norway,12/07/03,Midfielder,
Liam Delap,England,08/02/03,Forward,
David de Gea,Spain,07/11/90,Goalkeeper,192
Dean Henderson,England,12/03/97,Goalkeeper,188
Victor Lindelöf,Sweden,07/17/94,Defender,187
Eric Bailly,Cote,12/04/94,Defender,187
Phil Jones,England,02/21/92,Defender,180
Harry Maguire,England,05/03/93,Defender,194
Luke Shaw,England,12/07/95,Defender,185
Alex Telles,Brazil,12/15/92,Defender,181
Aaron Wan-Bissaka,England,11/26/97,Defender,183
Paul Pogba,France,03/15/93,Midfielder,191
Fred,Brazil,05/03/93,Midfielder,169
Bruno Fernandes,Portugal,08/09/94,Midfielder,179
Nemanja Matic,Serbia,01/08/88,Midfielder,194
Scott McTominay,Scotland,08/12/96,Midfielder,193
Hannibal Mejbri,Tunisia,01/21/03,Midfielder,177
Edinson Cavani,Uruguay,02/14/87,Forward,184
Marcus Rashford,England,10/31/97,Forward,180
Mason Greenwood,England,01/10/01,Forward,181
Anthony Elanga,Sweden,04/27/02,Forward,178
Shola Shoretire,England,02/02/04,Forward,170
Diogo Dalot,Portugal,03/18/99,Defender,183
Jesse Lingard,England,12/15/92,Midfielder,175
Juan Mata,Spain,04/28/88,Midfielder,170
Tom Heaton,England,04/15/86,Goalkeeper,188
Lee Grant,England,01/27/83,Goalkeeper,193
Facundo Pellistri,Uruguay,12/20/01,Midfielder,175
Jadon Sancho,England,03/25/00,Forward,180
Raphaël Varane,France,04/25/93,Defender,191
Cristiano Ronaldo,Portugal,05/02/85,Forward,187
Bjorn Hardley,Netherlands,12/19/02,Defender,
Charlie Savage,Wales,02/05/03,Midfielder,
Zidane Iqbal,Iraq,04/27/03,Midfielder,
Martin Dúbravka,Slovakia,01/15/89,Goalkeeper,190
Karl Darlow,England,08/10/90,Goalkeeper,190
Mark Gillespie,England,03/27/92,Goalkeeper,192
Daniel Langley,England,12/28/00,Goalkeeper,
Ciaran Clark,Ireland,09/26/89,Defender,185
Paul Dummett,Wales,09/26/91,Defender,183
Fabian Schär,Switzerland,12/20/91,Defender,188
Jamaal Lascelles,England,11/11/93,Defender,188
Jamal Lewis,Northern,01/25/98,Defender,178
Emil Krafth,Sweden,02/08/94,Defender,184
Federico Fernández,Argentina,02/21/89,Defender,190
Javier Manquillo,Spain,05/05/94,Defender,178
Jonjo Shelvey,England,02/27/92,Midfielder,184
Matt Ritchie,Scotland,10/09/89,Midfielder,172
Isaac Hayden,England,03/22/95,Midfielder,185
Ryan Fraser,Scotland,02/24/94,Midfielder,163
Jacob Murphy,England,02/24/95,Midfielder,179
Miguel Almirón,Paraguay,10/02/94,Midfielder,174
Sean Longstaff,England,10/30/97,Midfielder,180
Joelinton,Brazil,08/14/96,Forward,186
Allan Saint-Maximin,France,12/03/97,Forward,173
Dwight Gayle,England,10/17/89,Forward,174
Callum Wilson,England,02/27/92,Forward,180
Joseph Willock,England,08/20/99,Midfielder,179
Kieran Trippier,England,09/19/90,Defender,178
Chris Wood,New,07/12/91,Forward,191
Bruno Guimarães,Brazil,11/16/97,Midfielder,182
Matt Targett,England,09/18/95,Defender,183
Dan Burn,England,09/05/92,Defender,198
Lucas De Bolle,Scotland,10/22/02,Midfielder,
Tim Krul,Netherlands,03/04/88,Goalkeeper,188
Michael McGovern,Northern,12/07/84,Goalkeeper,191
Max Aarons,England,04/01/00,Defender,178
Sam Byram,England,09/16/93,Defender,180
Grant Hanley,Scotland,11/20/91,Defender,187
Christoph Zimmermann,Germany,12/01/93,Defender,194
Andrew Omobamidele,Ireland,06/23/02,Defender,188
Lukas Rupp,Germany,08/01/91,Midfielder,178
Kieran Dowell,England,10/10/97,Midfielder,175
Przemyslaw Placheta,Poland,03/23/98,Midfielder,177
Jacob Sørensen,Denmark,03/03/98,Midfielder,
Kenny McLean,Scotland,08/01/92,Midfielder,183
Teemu Pukki,Finland,03/29/90,Forward,180
Adam Idah,Ireland,11/02/01,Forward,190
Milot Rashica,Kosovo,06/28/96,Midfielder,177
Angus Gunn,England,01/22/96,Goalkeeper,196
Ben Gibson,England,01/15/93,Defender,185
Dimitris Giannoulis,Greece,10/17/95,Defender,175
Billy Gilmour,Scotland,11/06/01,Midfielder,166
Pierre Lees-Melou,France,05/25/93,Midfielder,185
Joshua Sargent,United,02/20/00,Forward,185
Christos Tzolis,Greece,01/30/02,Forward,184
Brandon Williams,England,03/09/00,Defender,171
Mathias Normann,Norway,05/28/96,Midfielder,179
Ozan Kabak,Turkey,03/25/00,Defender,186
Jonathan Tomkinson,United,11/04/02,Defender,
Jonathan Rowe,England,04/30/03,Forward,173
Jon McCracken,Scotland,05/24/00,Goalkeeper,
Liam Gibbs,England,12/16/02,Midfielder,
Abu Kamara,England,01/04/97,Defender,
Tony Springett,England,09/22/02,Midfielder,
Alex McCarthy,England,03/12/89,Goalkeeper,193
Harry Lewis,England,12/20/97,Goalkeeper,191
Fraser Forster,England,03/17/88,Goalkeeper,201
Kyle Walker-Peters,England,04/13/97,Defender,173
Jack Stephens,England,01/27/94,Defender,185
Mohammed Salisu,Ghana,04/17/99,Defender,191
Jan Bednarek,Poland,12/04/96,Defender,189
Oriol Romeu,Spain,09/24/91,Midfielder,183
James Ward-Prowse,England,01/11/94,Midfielder,173
Nathan Redmond,England,06/03/94,Midfielder,173
Moussa Djenepo,Mali,06/15/98,Midfielder,177
Stuart Armstrong,Scotland,03/30/92,Midfielder,183
William Smallbone,Ireland,02/21/00,Midfielder,
Nathan Tella,England,05/07/99,Midfielder,
Ibrahima Diallo,France,08/03/99,Midfielder,179
Che Adams,Scotland,07/13/96,Forward,175
Yan Valery,France,02/22/99,Defender,180
Mohamed Elyounoussi,Norway,04/08/94,Midfielder,178
Shane Long,Ireland,01/22/87,Forward,178
Theo Walcott,England,03/16/89,Forward,176
Romain Perraud,France,09/22/97,Defender,173
Valentino Livramento,England,12/11/02,Defender,
Armando Broja,Albania,10/09/01,Forward,191
Adam Armstrong,England,10/02/97,Forward,172
Thierry Small,England,01/08/04,Defender,
Lyanco,Brazil,01/02/97,Defender,187
Willy Caballero,Argentina,09/28/81,Goalkeeper,186
Kgaogelo Chauke,England,08/01/03,Midfielder,
Kazeem Olaigbe,Belgium,02/01/03,Forward,
Hugo Lloris,France,12/26/86,Goalkeeper,188
Matt Doherty,Ireland,01/16/92,Defender,182
Sergio Reguilón,Spain,12/16/96,Defender,178
Davinson Sánchez,Colombia,12/06/96,Defender,187
Joe Rodon,Wales,10/22/97,Defender,180
Japhet Tanganga,England,03/31/99,Defender,184
Ben Davies,Wales,04/24/93,Defender,181
Pierre-Emile Højbjerg,Denmark,05/08/95,Midfielder,187
Harry Winks,England,02/02/96,Midfielder,178
Eric Dier,England,01/15/94,Defender,188
Son Heung-Min,South,08/07/92,Forward,183
Harry Kane,England,07/28/93,Forward,188
Steven Bergwijn,Netherlands,08/10/97,Forward,178
Lucas Moura,Brazil,08/13/92,Forward,172
Ryan Sessegnon,England,05/18/00,Midfielder,178
Oliver Skipp,England,09/16/00,Midfielder,175
Pierluigi Gollini,Italy,03/18/95,Goalkeeper,194
Cristian Romero,Argentina,04/27/98,Defender,185
Dane Scarlett,England,03/24/04,Forward,180
Brandon Austin,England,07/01/99,Goalkeeper,188
Maksim Paskotsi,Estonia,01/19/03,Defender,
Kallum Cesay,England,04/09/02,Defender,
Brooklyn Lyons-Foster,England,01/12/00,Defender,
Harvey White,England,09/19/01,Midfielder,
Matthew Craig,Scotland,04/16/03,Midfielder,
Romaine Mundle,England,04/24/03,Midfielder,
Emerson Royal,Brazil,01/14/99,Defender,181
Tobi Omole,England,12/17/99,Defender,
Malachi Fagan-Walcott,England,11/03/02,Defender,
Michael Craig,Scotland,04/16/03,Midfielder,
J'Neil Bennett,England,07/12/01,Forward,
Rodrigo Bentancur,Uruguay,06/25/97,Midfielder,187
Dejan Kulusevski,Sweden,04/25/00,Midfielder,186
Alfie Devine,England,01/08/04,Midfielder,179
Jamie Bowden,Ireland,09/07/01,Midfielder,
Ben Foster,England,03/04/83,Goalkeeper,193
Daniel Bachmann,Austria,09/07/94,Goalkeeper,191
Robert Elliot,Ireland,04/30/86,Goalkeeper,190
Jeremy Ngakia,England,07/09/00,Defender,
William Troost-Ekong,Nigeria,01/09/93,Defender,191
Adam Masina,Morocco,02/01/94,Defender,189
Craig Cathcart,Northern,06/02/89,Defender,188
Kiko Femenía,Spain,02/02/91,Defender,176
Christian Kabasele,Belgium,02/24/91,Defender,187
Francisco Sierralta,Chile,06/05/97,Defender,190
Tom Cleverley,England,12/08/89,Midfielder,175
Ken Sema,Sweden,09/30/93,Midfielder,180
Dan Gosling,England,01/02/90,Midfielder,183
Daniel Phillips,England,01/02/90,Midfielder,183
João Pedro,Brazil,09/26/01,Forward,182
Ismaïla Sarr,Senegal,02/25/98,Forward,185
Imrân Louza,Morocco,01/05/99,Midfielder,178
Emmanuel Dennis,Nigeria,11/15/97,Forward,175
Ignacio Pussetto,Argentina,12/21/95,Midfielder,180
Danny Rose,England,02/07/90,Defender,173
Peter Etebo,Nigeria,09/11/95,Midfielder,172
Joshua King,Norway,01/15/92,Forward,180
Kwadwo Baah,Germany,01/27/03,Midfielder,
Cucho Hernández,Colombia,04/20/99,Forward,176
Juraj Kucka,Slovakia,02/26/87,Midfielder,186
Moussa Sissoko,France,08/16/89,Midfielder,187
James Morris,England,11/23/01,Defender,
Nicolas Nkoulou,Cameroon,03/27/90,Defender,184
Vincent Angelini,Scotland,12/09/03,Goalkeeper,186
Hassane Kamara,Cote,05/03/94,Defender,168
Samir,Brazil,05/12/94,Defender,189
Edo Kayembe,DR,03/06/98,Midfielder,183
Derek Agyakwa,Netherlands,12/19/01,Defender,
Shaqai Forde,England,05/05/04,Midfielder,
Samuel Kalu,Nigeria,08/26/97,Forward,176
Lukasz Fabianski,Poland,04/18/85,Goalkeeper,190
David Martin,England,01/22/86,Goalkeeper,185
Darren Randolph,Ireland,12/05/87,Goalkeeper,188
Aaron Cresswell,England,12/15/89,Defender,170
Vladimir Coufal,Czech,08/22/92,Defender,179
Angelo Ogbonna,Italy,05/23/88,Defender,191
Issa Diop,France,09/01/97,Defender,194
Ryan Fredericks,England,10/10/92,Defender,181
Arthur Masuaku,DR,07/11/93,Defender,179
Manuel Lanzini,Argentina,02/15/93,Midfielder,167
Mark Noble,England,08/05/87,Midfielder,180
Pablo Fornals,Spain,02/22/96,Midfielder,178
Tomas Soucek,Czech,02/27/95,Midfielder,192
Declan Rice,England,01/14/99,Midfielder,185
Andriy Yarmolenko,Ukraine,10/23/89,Forward,189
Saïd Benrahma,Algeria,10/08/95,Forward,172
Jarrod Bowen,England,12/20/96,Forward,175
Michail Antonio,Jamaica,03/28/90,Forward,180
Craig Dawson,England,06/05/90,Defender,188
Alphonse Areola,France,02/27/93,Goalkeeper,195
Jamal Baptiste,England,11/11/03,Defender,
Kurt Zouma,France,10/27/94,Defender,190
Nikola Vlasic,Croatia,04/10/97,Midfielder,178
Alex Král,Czech,05/19/98,Midfielder,185
Ajibola Alese,England,01/17/01,Defender,
Ben Johnson,England,01/24/00,Defender,175
Harrison Ashby,Scotland,11/14/01,Defender,
Daniel Chesters,England,04/04/02,Midfielder,
Sonny Perkins,England,10/02/04,Midfielder,
Keenan Appiah-Forson,England,10/16/01,Midfielder,
Freddie Potts,England,12/09/03,Midfielder,
Emmanuel Longelo,England,12/27/00,Forward,
Kamarai Simon-Swyer,England,04/12/02,Forward,
Armstrong Oko-Flex,Ireland,02/03/02,Forward,
Pierre Ekwah,France,01/15/02,Defender,
John Ruddy,England,10/24/86,Goalkeeper,193
Ki-Jana Hoever,Netherlands,01/18/02,Defender,180
Marçal,Brazil,02/19/89,Defender,178
Willy Boly,Cote,03/02/91,Defender,195
Conor Coady,England,02/25/93,Defender,185
Jonny,Spain,03/03/94,Defender,175
Nélson Semedo,Portugal,11/16/93,Defender,177
Maximilian Kilman,England,05/23/97,Defender,
Rúben Neves,Portugal,03/13/97,Midfielder,180
Daniel Podence,Portugal,10/21/95,Midfielder,165
Romain Saïss,Morocco,03/26/90,Midfielder,190
João Moutinho,Portugal,08/09/86,Midfielder,170
Leander Dendoncker,Belgium,04/15/95,Midfielder,188
Pedro Neto,Portugal,09/03/00,Forward,172
Raúl Jiménez,Mexico,05/05/91,Forward,190
Fábio Silva,Portugal,07/19/02,Forward,185
Yerson Mosquera,Colombia,02/05/01,Defender,187
Trincão,Portugal,12/29/99,Forward,184
Rayan Aït-Nouri,France,06/06/01,Defender,179
José Sá,Portugal,01/17/93,Goalkeeper,192
Luke Cundle,England,04/26/02,Midfielder,
Chem Campbell,Wales,12/30/02,Forward,
Hwang Hee-Chan,South,01/26/96,Forward,177
James Storer,England,02/16/82,Goalkeeper,
Hugo Bueno,Spain,09/18/02,Defender,180
Dexter Lembikisa,England,04/11/03,Defender,
Toti,Portugal,01/16/99,Defender,187
Chiquinho,Portugal,05/02/00,Forward,179
Matija Sarkic,Montenegro,07/23/97,Goalkeeper,195
Matt Macey,England,09/09/94,Goalkeeper,205
Héctor Bellerín,Spain,03/19/95,Defender,178
William Saliba,France,03/24/01,Defender,192
Sokratis Papastathopoulos,Greece,09/06/88,Defender,186
Shkodran Mustafi,Germany,04/17/92,Defender,184
David Luiz,Brazil,04/22/87,Defender,189
Sead Kolasinac,Bosnia,06/20/93,Defender,183
Mesut Özil,Germany,10/15/88,Midfielder,180
Lucas Torreira,Uruguay,11/02/96,Midfielder,168
Ainsley Maitland-Niles,England,08/29/97,Midfielder,177
Mattéo Guendouzi,France,04/14/99,Midfielder,185
Pierre-Emerick Aubameyang,Gabon,06/18/89,Forward,187
Reiss Nelson,England,10/12/99,Forward,175
Dani Ceballos,Spain,07/08/96,Midfielder,179
Robbie Burton,Wales,12/26/99,Midfielder,176
Matthew Smith,England,05/10/00,Defender,
Zech Medley,England,09/07/00,Defender,195
Willian,Brazil,09/08/88,Forward,175
Danny Ballard,Northern,09/22/99,Defender,187
Mark McGuinness,Ireland,05/01/01,Defender,194
Ben Cottrell,England,10/31/01,Midfielder,
Tolaji Bola,England,04/01/99,Defender,188
James Olayinka,England,05/10/00,Midfielder,
George Lewis,Rwanda,06/16/00,Forward,
Tyreece John-Jules,England,02/14/01,Forward,183
Henrikh Mkhitaryan,Armenia,01/21/89,Midfielder,177
Rúnar Rúnarsson,Iceland,02/18/95,Goalkeeper,186
Pablo Marí,Spain,08/31/93,Defender,193
Karl Hein,Estonia,04/13/02,Goalkeeper,193
Folarin Balogun,England,03/07/01,Forward,178
Mathew Ryan,Australia,08/04/92,Goalkeeper,184
Joel Lopez Salguero,Spain,03/31/02,Defender,
James Hillson,England,01/14/01,Goalkeeper,
Jed Steer,England,09/23/92,Goalkeeper,183
Ørjan Nyland,Norway,10/09/90,Goalkeeper,192
Lovre Kalinic,Croatia,03/04/90,Goalkeeper,201
Neil Taylor,Wales,07/02/89,Defender,176
Björn Engels,Belgium,09/15/94,Defender,193
Frédéric Guilbert,France,12/24/94,Defender,178
Ahmed El Mohamady,Egypt,09/09/87,Defender,183
Henri Lansbury,England,12/10/90,Midfielder,183
Conor Hourihane,Ireland,02/02/91,Midfielder,180
Trézéguet,Egypt,01/10/94,Midfielder,180
Jota,Spain,06/16/91,Midfielder,180
Wesley Moraes,Brazil,11/26/96,Forward,191
Mbwana Samatta,Tanzania,12/23/92,Forward,183
Indiana Vassilev,United,02/16/01,Forward,173
Keinan Davis,England,02/13/98,Forward,191
Danny Drinkwater,England,05/03/90,Midfielder,178
Pepe Reina,Spain,08/31/82,Goalkeeper,188
Cameron Archer,England,09/12/01,Forward,
Akos Onodi,Hungary,02/09/01,Goalkeeper,
Oliwier Zych,Poland,06/28/04,Goalkeeper,
Dominic Revan,England,09/19/00,Defender,
Jake Walker,England,03/11/00,Defender,
Frankie Ealing,England,07/14/04,Defender,
Callum Rowe,England,02/09/99,Midfielder,
Harrison Sohna,England,01/07/02,Midfielder,
Kaine Hayden,England,05/25/03,Midfielder,
Arjan Raikhy,England,10/20/02,Midfielder,
Brad Young,England,06/01/03,Midfielder,
Mamadou Dialla Sylla,Spain,01/26/03,Midfielder,179
Edward Rowe,England,10/17/03,Midfielder,
Taylor Jay-Hart,England,12/18/03,Midfielder,179
Mungo Bridge,England,12/09/00,Forward,
Michael Tait,England,01/29/01,Forward,
Louie Barry,England,06/21/03,Forward,
Kaine Hayden,England,10/23/02,Midfielder,
Jaden Philogene-Bidace,England,08/02/02,Midfielder,
David Button,England,02/27/89,Goalkeeper,191
Martín Montoya,Spain,04/14/91,Defender,175
Bernardo,Brazil,05/14/95,Defender,186
Aaron Mooy,Australia,09/15/90,Midfielder,174
Davy Pröpper,Netherlands,02/09/91,Midfielder,185
Alireza Jahanbakhsh,Iran,11/08/93,Forward,180
Glenn Murray,England,09/25/83,Forward,183
José Izquierdo,Colombia,07/07/92,Forward,171
Aaron Connolly,Ireland,01/28/00,Forward,
Ryan Longman,England,06/11/00,Midfielder,180
Romaric Yapi,France,07/13/00,Defender,178
Peter Gwargis,Sweden,04/09/00,Midfielder,
Max Sanders,England,04/01/99,Midfielder,175
Jack Spong,England,04/02/02,Midfielder,
Taylor Richards,England,04/12/00,Midfielder,180
Beram Kayal,Israel,02/05/88,Midfielder,178
Alex Cochrane,England,04/21/00,Defender,
Teddy Jenks,England,12/03/02,Midfielder,191
Ezequiel Schelotto,Argentina,05/23/89,Defender,187
Jayson Molumby,Ireland,06/08/99,Midfielder,
Christian Walton,England,09/11/95,Goalkeeper,182
Viktor Gyökeres,Sweden,04/06/98,Forward,187
Jan Paul van Hecke,Netherlands,08/06/00,Defender,
Ulrick Eneme-Ella,Gabon,05/22/01,Forward,184
Andi Zeqiri,Switzerland,06/22/99,Forward,181
Michal Karbownik,Poland,03/13/01,Defender,
Percy Tau,South,05/13/94,Forward,175
Reda Khadra,Germany,04/07/01,Midfielder,
Jensen Weir,England,01/31/02,Midfielder,184
Florin Andone,Romania,11/04/93,Forward,180
Warren O'Hora,Ireland,04/19/99,Defender,
Bailey Peacock-Farrell,Northern,10/29/96,Goalkeeper,193
Robbie Brady,Ireland,01/14/92,Midfielder,176
Josh Benson,England,05/12/99,Midfielder,175
Joel Mumbongo,Sweden,09/01/99,Forward,188
Ali Koiki,England,08/22/99,Defender,
Mace Goodridge,England,09/13/99,Midfielder,180
Anthony Driscoll-Glennon,England,11/26/99,Defender,181
Lukas Jensen,Denmark,03/18/99,Goalkeeper,198
Max Thompson,England,09/02/02,Forward,
Jimmy Dunne,Ireland,10/19/97,Defender,183
Anthony Mancini,France,06/04/01,Midfielder,180
Richard Nartey,England,06/09/98,Defender,184
Jamie Cumming,England,04/09/99,Goalkeeper,186
Fikayo Tomori,England,12/19/97,Defender,185
Emerson,Italy,03/08/94,Defender,176
Tammy Abraham,England,02/10/97,Forward,190
Pedro,Spain,07/28/87,Forward,169
Olivier Giroud,France,09/30/86,Forward,192
Michy Batshuayi,Belgium,02/10/93,Forward,184
Ian Maatsen,Netherlands,10/03/02,Defender,167
Faustino Anjorin,England,11/23/01,Midfielder,185
Henry Lawrence,England,09/21/01,Defender,
Dynel Simeu,England,03/13/02,Defender,186
Nathan Baxter,England,08/11/98,Goalkeeper,191
Juan Familia-Castillo,Netherlands,01/13/00,Defender,
Ethan Ampadu,Wales,09/14/00,Defender,183
Luke McCormick,England,01/21/99,Midfielder,
Lewis Baker,England,04/25/95,Midfielder,182
Mario Pasalic,Croatia,09/02/95,Midfielder,188
George McEachran,England,08/30/00,Midfielder,172
Marco van Ginkel,Netherlands,01/12/92,Midfielder,180
Karlo Ziger,Croatia,11/05/01,Goalkeeper,
Victor Moses,Nigeria,12/12/90,Defender,177
Tiemoué Bakayoko,France,08/17/94,Midfielder,185
Davide Zappacosta,Italy,11/06/92,Defender,185
Patrick van Aanholt,Netherlands,08/29/90,Defender,176
Scott Dann,England,02/14/87,Defender,188
Mamadou Sakho,France,02/13/90,Defender,187
Gary Cahill,England,12/19/85,Defender,193
Max Meyer,Germany,09/18/95,Midfielder,173
James McCarthy,Germany,09/18/95,Midfielder,173
Stephen Henderson,Ireland,02/05/88,Goalkeeper,193
John-Kymani Gordon,England,02/13/03,Forward,
Nikola Tavares,Croatia,01/17/99,Defender,
Nya Kirby,England,01/31/00,Midfielder,174
Brandon Pierrick,England,10/12/01,Forward,182
Sam Woods,England,11/09/98,Defender,
Jaroslaw Jach,Poland,02/17/94,Defender,192
Ryan Inniss,England,05/06/95,Defender,196
Connor Wickham,England,03/31/93,Forward,191
João Virgínia,Portugal,10/10/99,Goalkeeper,198
Gylfi Sigurdsson,Iceland,08/09/89,Midfielder,186
Jean-Philippe Gbamin,Cote,09/25/95,Midfielder,186
Beni Baningime,DR,09/09/98,Midfielder,178
Bernard,Brazil,08/09/92,Forward,164
Moise Kean,Italy,02/28/00,Forward,183
Djibril Sidibé,France,07/29/92,Defender,182
Maarten Stekelenburg,Netherlands,09/22/82,Goalkeeper,197
Dennis Adeniran,England,02/01/99,Midfielder,180
Ellis Simms,England,05/01/01,Forward,
Leighton Baines,England,11/12/84,Defender,170
James Rodríguez,Colombia,12/07/91,Midfielder,180
Niels Nkounkou,France,01/11/00,Defender,180
Muhamed Besic,Bosnia,10/09/92,Midfielder,180
Yannick Bolasie,DR,05/24/89,Forward,188
Sandro Ramírez,Spain,09/07/95,Forward,175
Kyle John,England,02/13/01,Defender,
Nathan Broadhead,Wales,05/04/98,Forward,178
Zan-Luk Leban,Slovenia,12/15/02,Goalkeeper,
Marek Rodák,Slovakia,12/13/96,Goalkeeper,194
Jordan Archer,Scotland,12/04/93,Goalkeeper,186
Fabri,Spain,12/31/87,Goalkeeper,184
Michael Hector,Jamaica,07/19/92,Defender,193
Denis Odoi,Ghana,05/27/88,Defender,178
Alfie Mawson,England,01/19/94,Defender,189
Tim Ream,United,05/10/87,Defender,186
Maxime Le Marchand,France,11/10/89,Defender,185
Cyrus Christie,Ireland,09/30/92,Defender,188
Joe Bryan,England,09/17/93,Defender,173
Steven Sessegnon,England,05/18/00,Defender,175
Jean Michaël Seri,Cote,07/19/91,Midfielder,168
Kevin McDonald,Scotland,04/11/88,Midfielder,192
Neeskens Kebano,DR,10/03/92,Midfielder,170
Stefan Johansen,Norway,08/01/91,Midfielder,182
Tom Cairney,Scotland,01/20/91,Midfielder,186
Anthony Knockaert,France,11/20/91,Midfielder,172
Josh Onomah,England,04/27/97,Midfielder,185
André-Frank Zambo Anguissa,Cameroon,11/16/95,Midfielder,184
Luca de la Torre,United,05/23/98,Midfielder,177
Aleksandar Mitrovic,Serbia,09/16/94,Forward,189
Bobby De Cordova-Reid,Jamaica,02/02/93,Forward,170
Ivan Cavaleiro,Portugal,10/18/93,Forward,175
Aboubakar Kamara,Mauritania,07/03/95,Forward,177
Harry Arter,Ireland,12/28/89,Midfielder,176
Harrison Reed,England,01/27/95,Midfielder,181
Jayden Harris,England,04/09/99,Midfielder,
Jay Stansfield,England,11/24/02,Forward,
Matt O'Riley,Denmark,11/21/00,Midfielder,
Tyrese Francois,Australia,07/16/00,Midfielder,166
Benjamin Davis,Thailand,11/24/00,Midfielder,175
Sylvester Jasper,Bulgaria,09/13/01,Forward,
Luca Ashby-Hammond,England,03/25/01,Goalkeeper,
Jerome Opoku,England,10/14/98,Defender,194
Martell Taylor-Crossdale,England,12/26/99,Forward,
Magnus Norman,England,01/19/97,Goalkeeper,192
Antonee Robinson,United,08/08/97,Defender,183
Mario Lemina,Gabon,01/09/93,Midfielder,184
Kenny Tete,Netherlands,09/10/95,Defender,180
Ola Aina,Nigeria,08/10/96,Defender,184
Fabio Carvalho,Portugal,08/30/02,Midfielder,
Tosin Adarabioyo,England,09/24/97,Defender,196
Terence Kongolo,Netherlands,02/14/94,Defender,188
Josh Maja,Nigeria,12/27/98,Forward,180
Kiko Casilla,Spain,02/10/86,Goalkeeper,190
Kamil Miazek,Poland,08/15/96,Goalkeeper,192
Barry Douglas,Scotland,04/09/89,Defender,176
Gaetano Berardi,Switzerland,08/21/88,Defender,179
Robbie Gotts,England,09/11/99,Defender,
Ezgjan Alioski,North,12/02/92,Midfielder,173
Pablo Hernández,Spain,11/04/85,Midfielder,173
Jay-Roy Grot,Netherlands,03/13/98,Forward,193
Ian Poveda-Ocampo,England,09/02/00,Forward,165
Hélder Costa,Angola,12/01/94,Forward,178
Ryan Edmondson,England,05/20/01,Forward,
Jordan Stevens,England,03/25/00,Midfielder,178
Alfie McCalmont,Northern,03/25/00,Midfielder,
Conor Shaughnessy,Ireland,06/30/96,Midfielder,191
Oliver Casey,England,10/14/00,Defender,188
Bryce Hosannah,England,08/04/99,Defender,
Mateusz Bogusz,Poland,08/22/01,Midfielder,175
Elia Caprile,Italy,08/25/01,Goalkeeper,
Leif Davis,England,12/31/99,Defender,166
Niall Huggins,Wales,12/18/00,Forward,
Cody Drameh,England,08/12/01,Defender,
Wes Morgan,Jamaica,01/21/84,Defender,186
Filip Benkovic,Croatia,07/13/97,Defender,194
Christian Fuchs,Austria,07/04/86,Defender,187
Matty James,England,07/22/91,Midfielder,181
Dennis Praet,Belgium,05/14/94,Midfielder,181
Islam Slimani,Algeria,06/18/88,Forward,188
Ryan Bennett,England,06/03/90,Defender,188
George Hirst,England,02/15/99,Forward,191
Darnell Johnson,England,03/09/98,Defender,
George Thomas,Wales,03/24/97,Forward,173
Vontae Daley-Campbell,England,02/04/01,Defender,
Josh Knight,England,07/09/97,Defender,185
Sidnei Tavares,Portugal,09/29/01,Midfielder,
Thakgalo Leshabela,South,09/18/99,Midfielder,175
Admiral Muskwe,Zimbabwe,08/21/98,Forward,183
Josh Felix-Eppiah,Belgium,11/10/98,Forward,179
Jakub Stolarczyk,Poland,12/19/00,Goalkeeper,
Ethan Fitzhugh,England,11/27/02,Midfielder,
Wanya Madavidua,England,10/19/02,Midfielder,
Cengiz Ünder,Turkey,07/14/97,Midfielder,173
Shane Flynn,Ireland,10/14/01,Midfielder,
Rachid Ghezzal,Algeria,09/05/92,Midfielder,182
Adrien Silva,Portugal,03/15/89,Midfielder,171
Fousseni Diabaté,Mali,10/18/95,Forward,175
Tawanda Maswanhise,England,11/20/02,Midfielder,
Neco Williams,Wales,04/13/01,Defender,183
Georginio Wijnaldum,Netherlands,11/11/90,Midfielder,175
Marko Grujic,Serbia,04/13/96,Midfielder,191
Harry Wilson,Wales,03/22/97,Midfielder,173
Xherdan Shaqiri,Switzerland,10/10/91,Midfielder,169
Rhian Brewster,England,01/04/00,Forward,180
Ben Woodburn,Wales,10/15/99,Forward,174
Ben Winterbottom,England,07/16/01,Goalkeeper,
Vítezslav Jaros,Czech,07/23/01,Goalkeeper,
Thomas Hill,England,10/13/02,Forward,
Dejan Lovren,Croatia,05/07/89,Defender,188
Luis Longstaff,England,02/24/01,Midfielder,168
Leighton Clarkson,England,10/19/01,Midfielder,175
Morgan Boyes,Wales,04/22/01,Defender,177
Thomas Clayton,Scotland,12/27/00,Defender,
Jake Cain,England,02/09/01,Midfielder,
Sepp van den Berg,Netherlands,12/20/01,Defender,189
Layton Stewart,England,03/09/02,Forward,
Jack Bearne,England,09/15/01,Midfielder,
Joseph Hardy,England,09/26/98,Forward,170
Yasser Larouci,France,01/01/01,Defender,176
Tony Gallacher,Scotland,07/23/99,Defender,173
Adam Lewis,England,08/11/99,Midfielder,175
Liam Millar,Canada,09/27/99,Forward,81
Nathaniel Phillips,England,03/21/97,Defender,190
Sheyi Ojo,England,06/19/97,Midfielder,177
Taiwo Awoniyi,Nigeria,12/08/97,Forward,183
Rhys Williams,England,03/02/01,Defender,
Ben Davies,England,11/08/95,Defender,185
Kamil Grabara,Poland,08/01/99,Goalkeeper,195
Liam Hughes,Northern,08/19/01,Goalkeeper,
Jakub Ojrzynski,Poland,02/19/03,Goalkeeper,
Claudio Bravo,Chile,04/13/83,Goalkeeper,184
Pedro Porro,Spain,09/13/99,Defender,173
Nicolás Otamendi,Argentina,12/02/88,Defender,183
Eric García,Spain,09/01/01,Defender,182
David Silva,Spain,08/01/86,Midfielder,173
Tommy Doyle,England,10/17/01,Midfielder,
Ferran Torres,Spain,02/29/00,Forward,184
Sergio Agüero,Argentina,02/06/88,Forward,173
Erik Palmer-Brown,United,04/24/97,Defender,187
Alpha Richard Dionkou,Senegal,10/10/01,Defender,183
Taylor Harwood-Bellis,England,01/30/02,Defender,188
Adrián Bernabé,Spain,05/26/01,Midfielder,170
Leroy Sané,Germany,11/01/96,Forward,183
Pablo Moreno,Spain,03/05/02,Forward,174
Felix Nmecha,Germany,10/10/00,Midfielder,188
James Trafford,England,10/10/02,Goalkeeper,
Mikkel Diskerud,United,02/10/90,Midfielder,184
Claudio Gomes,France,07/23/00,Midfielder,164
Arijanet Muric,Kosovo,07/11/98,Goalkeeper,198
Sergio Romero,Argentina,02/22/87,Goalkeeper,192
Marcos Rojo,Argentina,03/20/90,Defender,186
Timothy Fosu-Mensah,Netherlands,02/01/98,Defender,185
Axel Tuanzebe,England,11/14/97,Defender,186
Ethan Laird,England,05/08/01,Defender,177
Teden Mengi,England,04/30/02,Defender,183
Andreas Pereira,Brazil,01/01/96,Midfielder,175
James Garner,England,03/13/01,Midfielder,186
Tahith Chong,Netherlands,04/12/99,Midfielder,185
Ethan Galbraith,Northern,11/05/01,Midfielder,175
Anthony Martial,France,05/12/95,Forward,181
Odion Ighalo,Nigeria,06/16/89,Forward,181
Max Taylor,England,10/01/00,Defender,
Matej Kovář,Czech,05/17/00,Goalkeeper,184
Dylan Levitt,Wales,11/17/00,Midfielder,180
Arnau Puigmal,Spain,10/01/01,Midfielder,173
Di'Shon Bernard,England,10/14/00,Defender,189
D'Mani Mellor,England,09/20/00,Forward,
Alexis Sánchez,Chile,12/19/88,Forward,169
Amad Diallo,Cote,11/07/02,Forward,173
Chris Smalling,England,11/22/89,Defender,194
Nathan Bishop,England,10/15/99,Goalkeeper,185
William Fish,England,02/17/03,Defender,185
Florian Lejeune,France,05/20/91,Defender,189
DeAndre Yedlin,United,09/07/93,Defender,172
Christian Atsu,Ghana,10/01/92,Midfielder,165
Andy Carroll,England,06/01/89,Forward,193
Yoshinori Muto,Japan,07/15/92,Forward,179
Valentino Lazaro,Austria,03/24/96,Midfielder,180
Nabil Bentaleb,Algeria,11/24/94,Midfielder,187
Matthew Longstaff,England,03/21/00,Midfielder,
Thomas Allan,England,09/23/99,Forward,
Elias Sorensen,Denmark,09/18/99,Forward,
Lewis Cass,England,02/27/00,Defender,
Jack Young,England,10/21/00,Midfielder,
Jeff Hendrick,Ireland,01/31/92,Midfielder,185
Henri Saivet,Senegal,10/26/90,Midfielder,174
Daniel Barlaser,England,01/18/97,Midfielder,184
Elliot Anderson,Scotland,06/11/02,Midfielder,
Wes Foderingham,England,01/14/91,Goalkeeper,185
Michael Verrips,Netherlands,03/12/96,Goalkeeper,195
Simon Moore,England,05/19/90,Goalkeeper,191
George Baldock,England,09/03/93,Defender,178
Enda Stevens,Ireland,09/07/90,Defender,183
Jack O'Connell,England,03/29/94,Defender,190
Chris Basham,England,07/20/88,Defender,190
John Egan,Ireland,10/20/92,Defender,185
Jack Robinson,England,01/09/93,Defender,168
Kean Bryan,England,01/11/96,Defender,185
John Fleck,Scotland,08/24/91,Midfielder,170
John Lundstram,England,02/18/94,Midfielder,181
Luke Freeman,England,03/22/92,Midfielder,181
Oliver Norwood,Northern,12/04/91,Midfielder,180
Ben Osborn,England,05/08/94,Midfielder,176
Sander Berge,Norway,02/14/98,Midfielder,195
Oliver McBurnie,Scotland,04/06/96,Forward,188
Billy Sharp,England,05/02/86,Forward,175
David McGoldrick,Ireland,11/29/87,Forward,183
Lys Mousset,France,08/02/96,Forward,184
Richairo Zivkovic,Netherlands,05/09/96,Forward,187
Phil Jagielka,England,08/17/82,Defender,180
Kieron Freeman,Wales,03/21/92,Defender,178
Leon Clarke,England,10/02/85,Forward,188
Jack Rodwell,England,11/03/91,Midfielder,188
Sam Graham,England,08/13/00,Defender,
Kyron Gordon,England,05/24/02,Defender,
Rhys Norrington-Davies,Wales,04/22/99,Defender,181
George Broadbent,England,09/30/00,Midfielder,188
Regan Slater,England,11/09/99,Midfielder,173
Zak Brunt,England,11/17/01,Midfielder,
Antwoine Hackford,England,03/20/04,Forward,
Max Lowe,England,11/05/97,Defender,175
Jayden Bogle,England,07/27/00,Defender,178
Oliver Burke,Scotland,07/04/97,Midfielder,188
Ismaila Coulibaly,Mali,12/25/00,Midfielder,183
Iliman Ndiaye,France,06/03/00,Midfielder,180
Frankie Maguire,England,07/29/03,Midfielder,
Jake Eastwood,England,03/10/96,Goalkeeper,193
Daniel Jebbison,England,11/07/03,Forward,190
Harry Boyes,England,02/11/01,Defender,
Femi Seriki,England,04/28/02,Defender,183
William Osula,Denmark,04/08/03,Forward,
Jake Vokins,England,03/17/00,Defender,180
Sofiane Boufal,Morocco,09/17/93,Midfielder,170
Michael Obafemi,Ireland,06/07/00,Forward,169
Guido Carrillo,Argentina,05/25/91,Forward,191
Kevin Danso,Austria,09/19/98,Defender,190
Kayne Ramsay,England,10/10/00,Defender,
Will Ferry,Ireland,07/12/00,Midfielder,176
Jacob Maddox,England,03/11/98,Midfielder,179
Daniel N'Lundulu,England,05/02/99,Forward,185
Maya Yoshida,Japan,08/24/88,Defender,189
Caleb Watts,Australia,01/16/02,Midfielder,171
Allan Tchaptchet,France,12/21/01,Defender,193
Ryan Finnigan,England,09/23/03,Midfielder,
Alexandre Jankewitz,Switzerland,12/25/01,Midfielder,179
Wesley Hoedt,Netherlands,06/03/94,Defender,188
Paulo Gazzaniga,Argentina,02/01/92,Goalkeeper,196
Toby Alderweireld,Belgium,02/03/89,Defender,186
Juan Foyth,Argentina,12/01/98,Defender,179
Serge Aurier,Cote,12/24/92,Defender,176
Cameron Carter-Vickers,United,12/31/97,Defender,183
Erik Lamela,Argentina,04/03/92,Midfielder,181
Tanguy Ndombele,France,12/28/96,Midfielder,181
Gedson Fernandes,Portugal,09/01/99,Midfielder,182
Jack Clarke,England,11/23/00,Forward,181
Troy Parrott,Ireland,04/02/02,Forward,185
Jan Vertonghen,Belgium,04/24/87,Defender,189
Michel Vorm,Netherlands,10/20/83,Goalkeeper,183
Dennis Cirkin,England,06/04/02,Defender,181
Joe Hart,England,04/19/87,Goalkeeper,196
Jubril Okedina,England,10/26/00,Defender,
George Marsh,England,05/11/98,Midfielder,178
Alfie Whiteman,England,02/10/98,Goalkeeper,189
Gareth Bale,Wales,07/16/89,Forward,185
Carlos Vinícius,Brazil,03/25/95,Forward,190
Giovani Lo Celso,Argentina,09/04/96,Midfielder,177
Marcel Lavinier,Portugal,12/16/00,Defender,180
Nile John,England,06/03/03,Midfielder,
Dilan Markanday,England,08/20/01,Forward,
Sam Johnstone,England,03/25/93,Goalkeeper,193
Darnell Furlong,England,10/31/95,Defender,183
Kieran Gibbs,England,09/26/89,Defender,181
Kyle Bartley,England,05/22/91,Defender,185
Semi Ajayi,Nigeria,09/11/93,Defender,193
Conor Townsend,England,04/03/93,Defender,168
Ahmed Hegazi,Egypt,01/25/91,Defender,193
Dara O'Shea,Ireland,04/03/99,Defender,188
Jake Livermore,England,11/14/89,Midfielder,181
Matt Phillips,Scotland,03/13/91,Midfielder,185
Kamil Grosicki,Poland,08/06/88,Midfielder,180
Rekeem Harper,England,08/03/00,Midfielder,188
Romaine Sawyers,St.,02/11/91,Midfielder,175
Jonathan Leko,England,04/24/99,Midfielder,182
Sam Field,England,08/05/98,Midfielder,191
Hal Robson-Kanu,Wales,05/21/89,Forward,183
Kenneth Zohore,Denmark,01/31/94,Forward,189
Matheus Pereira,Brazil,05/05/96,Forward,175
Charlie Austin,England,05/07/89,Forward,188
Kyle Edwards,England,02/17/98,Forward,172
Rayhaan Tulloch,England,01/20/01,Midfielder,178
Finn Azaz,England,07/09/00,Midfielder,
Grady Diangana,England,04/19/98,Midfielder,180
Callum Robinson,Ireland,02/02/95,Forward,178
Jonathan Bond,England,05/19/93,Goalkeeper,196
Chris Brunt,Northern,12/14/84,Midfielder,187
Saul Shotton,England,10/11/00,Defender,184
Lee Peltier,England,11/12/86,Defender,178
Gareth Barry,England,02/23/81,Midfielder,185
Rico Richards,England,09/27/03,Midfielder,
Cédric Kipré,Cote,09/12/96,Defender,193
Branislav Ivanovic,Serbia,02/22/84,Defender,185
Jamie Soule,England,11/26/00,Forward,
Filip Krovinovic,Croatia,08/29/95,Midfielder,175
Karlan Grant,England,09/18/97,Forward,180
Cheikh Diaby,France,07/03/00,Forward,
Robert Snodgrass,Scotland,07/09/87,Midfielder,182
George Harmon,England,08/12/00,Defender,
Mbaye Diagne,Senegal,10/28/91,Forward,191
Okay Yokuslu,Turkey,09/03/94,Midfielder,190
Caleb Taylor,England,01/14/03,Defender,
Taylor Gardner-Hickman,England,12/30/01,Defender,
Toby King,England,04/01/02,Midfielder,
Roberto Jiménez,Spain,10/02/86,Goalkeeper,192
Fabián Balbuena,Paraguay,08/23/91,Defender,188
Gonçalo Cardoso,Portugal,10/21/00,Defender,189
Felipe Anderson,Brazil,04/15/93,Midfielder,175
Jack Wilshere,England,01/01/92,Midfielder,172
Sébastien Haller,Cote,06/22/94,Forward,190
Albian Ajeti,Switzerland,02/26/97,Forward,183
Joseph Anang,England,08/06/00,Goalkeeper,
Bernardo Rosa,Brazil,09/20/00,Midfielder,
Alfie Lewis,England,09/28/99,Midfielder,
Nathan Trott,England,11/21/98,Goalkeeper,188
Josh Cullen,Ireland,07/04/96,Midfielder,175
Xande Silva,Portugal,03/16/97,Forward,177
Conor Coventry,Ireland,03/25/00,Midfielder,177
Frederik Alves,Denmark,08/11/99,Defender,195
Nathan Holland,England,06/19/98,Midfielder,178
Ademipo Odubeko,Ireland,10/21/02,Forward,
Oladapo Afolayan,England,11/09/97,Forward,180
Rui Patrício,Portugal,02/15/88,Goalkeeper,190
Rúben Vinagre,Portugal,09/04/99,Defender,174
Oskar Buur,Denmark,03/31/98,Defender,180
Bruno Jordão,Portugal,12/10/98,Midfielder,180
Morgan Gibbs-White,England,01/27/00,Midfielder,171
Leonardo Campana,Ecuador,07/24/00,Forward,187
Adama Traoré,Spain,01/25/96,Forward,178
Austin Samuels,England,11/20/00,Forward,
Owen Otasowie,United,06/01/01,Midfielder,191
Taylor Perry,England,07/15/01,Midfielder,
Meritan Shabani,Germany,03/15/99,Midfielder,185
Andreas Söndergaard,Denmark,01/17/01,Goalkeeper,189
Lewis Richards,Ireland,10/15/01,Defender,
Terry Taylor,Wales,06/29/01,Midfielder,185
Ryan Giles,England,01/26/00,Midfielder,179
Christian Marques,Portugal,01/15/03,Defender,187
Vitinha,Portugal,02/13/00,Midfielder,172
Theo Corbeanu,Canada,05/17/02,Forward,190
Patrick Cutrone,Italy,03/01/98,Forward,183
Nigel Lonwijk,Netherlands,10/27/02,Defender,188
Willian José,Brazil,11/23/91,Forward,189
Petr Cech,Czech,05/20/82,Goalkeeper,196
Laurent Koscielny,France,10/09/85,Defender,186
Stephan Lichtsteiner,Switzerland,01/16/84,Defender,182
Nacho Monreal,Spain,02/26/86,Defender,179
Carl Jenkinson,England,08/02/92,Defender,185
Konstantinos Mavropanos,Greece,11/12/97,Defender,194
Julio Pleguezuelo,Spain,01/26/97,Defender,180
Aaron Ramsey,Wales,12/26/90,Midfielder,178
Denis Suárez,Spain,06/01/94,Midfielder,176
David Ospina,Colombia,08/31/88,Goalkeeper,183
Dominic Thompson,England,07/26/00,Defender,
Mark Bunn,England,11/16/84,Goalkeeper,183
James Chester,Wales,01/23/89,Defender,180
Alan Hutton,Scotland,11/30/84,Defender,185
Tommy Elphick,England,07/09/87,Defender,180
Glenn Whelan,Ireland,01/13/84,Midfielder,180
Tom Carroll,England,05/28/92,Midfielder,177
Mile Jedinak,Australia,03/08/84,Midfielder,189
Andre Green,England,07/26/98,Midfielder,180
Birkir Bjarnason,Iceland,05/27/88,Midfielder,183
Albert Adomah,Ghana,12/13/87,Midfielder,185
Jonathan Kodjia,Cote,10/22/89,Forward,191
James Bree,England,11/12/97,Defender,172
Mitchell Clark,Wales,03/13/99,Defender,
Jake Doyle-Hayes,Ireland,12/30/98,Midfielder,
Callum O'Hare,England,01/05/98,Midfielder,175
Scott Hogan,Ireland,04/13/92,Forward,180
Rushian Marcus Amari Hepburn-Murphy,England,08/28/98,Forward,173
Harry McKirdy,England,03/29/97,Forward,175
Ross McCormack,Scotland,08/18/86,Forward,175
Aaron Tshibola,DR,02/01/95,Midfielder,190
Borja Bastón,Spain,08/25/92,Forward,186
Artur Boruc,Poland,02/20/80,Goalkeeper,193
Mark Travers,Ireland,05/18/99,Goalkeeper,191
Simon Francis,England,02/16/85,Defender,183
Steve Cook,England,04/19/91,Defender,185
Charlie Daniels,England,07/09/86,Defender,178
Adam Smith,England,04/29/91,Defender,180
Diego Rico,Spain,02/23/93,Defender,183
Jack Simpson,England,12/18/96,Defender,178
Chris Mepham,Wales,05/11/97,Defender,191
Andrew Surman,England,08/20/86,Midfielder,178
Jefferson Lerma,Colombia,10/25/94,Midfielder,179
Jordon Ibe,England,08/12/95,Midfielder,176
Lewis Cook,England,03/02/97,Midfielder,175
Junior Stanislas,England,11/26/89,Midfielder,183
David Brooks,Wales,08/07/97,Midfielder,173
Kyle Taylor,England,05/26/99,Midfielder,
Matt Butcher,England,05/14/97,Midfielder,188
Nnamdi Ofoborh,Nigeria,07/11/99,Midfielder,175
Dominic Solanke,England,09/14/97,Forward,187
Sam Surridge,England,07/28/98,Forward,191
Marc Pugh,England,02/04/87,Midfielder,180
Mihai-Alexandru Dobre,Romania,08/30/98,Midfielder,185
Jermain Defoe,England,07/10/82,Forward,171
Lloyd Kelly,England,06/10/98,Defender,178
Connor Mahoney,England,12/02/97,Midfielder,175
Jack Stacey,England,06/04/96,Defender,180
Philip Billing,Denmark,11/06/96,Midfielder,193
Arnaut Danjuma,Netherlands,01/31/97,Forward,178
William Dennis,England,10/07/00,Goalkeeper,
Jordan Zemura,Zimbabwe,11/14/99,Defender,
Sam Sherring,England,08/05/00,Defender,
Gavin Kilkenny,Ireland,01/02/00,Midfielder,
Brennan Camp,Scotland,12/10/00,Defender,
Corey Jordan,England,04/03/99,Defender,185
Christian Saydee,England,10/05/02,Midfielder,181
Brooklyn Genesini,England,12/12/01,Defender,
Bruno,Spain,01/10/80,Defender,181
Gaëtan Bong,Cameroon,04/25/88,Defender,187
Leon Balogun,Nigeria,06/28/88,Defender,190
Leo Østigård,Norway,11/28/99,Defender,182
Will Collar,England,03/02/97,Midfielder,181
Jürgen Locadia,Netherlands,07/11/93,Forward,187
Jan Mlakar,Slovenia,10/23/98,Forward,183
Markus Suttner,Austria,04/16/87,Defender,179
Ben Barclay,England,07/10/96,Defender,
Tomer Hemed,Israel,02/05/87,Forward,186
Matthew Clarke,England,09/22/96,Defender,185
Billy Arce,Ecuador,12/07/98,Midfielder,178
Soufyan Ahannach,Netherlands,09/09/95,Midfielder,179
Bojan Radulović,Serbia,12/29/99,Forward,191
Archie Davies,England,07/10/98,Defender,
Andrew Crofts,Wales,05/29/84,Midfielder,175
Jordan Davies,Wales,08/18/98,Midfielder,
Anders Lindegaard,Denmark,04/13/84,Goalkeeper,193
Adam Legzdins,England,11/28/86,Goalkeeper,190
Stephen Ward,Ireland,08/20/85,Defender,184
Steven Defour,Belgium,04/15/88,Midfielder,173
Peter Crouch,England,01/30/81,Forward,201
Daniel Agyei,England,01/06/97,Forward,183
Jonathan Walters,Ireland,09/20/83,Forward,183
Sam Vokes,Wales,10/21/89,Forward,186
Ntumba Massanka,England,11/30/96,Midfielder,191
Nahki Wells,Bermuda,01/06/90,Forward,170
Aiden O'Neill,Australia,04/07/98,Midfielder,178
Joel Senior,England,06/24/99,Defender,
Robert Green,England,01/18/80,Goalkeeper,187
Marcin Bulka,Poland,04/10/99,Goalkeeper,199
Gonzalo Higuaín,Argentina,10/12/87,Forward,186
Abdul Rahman Baba,Ghana,02/07/94,Defender,180
Álvaro Morata,Spain,10/23/92,Forward,190
Matt Miazga,United,07/19/95,Defender,191
Cesc Fàbregas,Spain,04/05/87,Midfielder,180
Tomas Kalas,Czech,05/15/93,Defender,183
Iké Ugbo,Canada,09/21/98,Forward,184
Lucas Piazon,Brazil,01/20/94,Midfielder,182
Kasey Palmer,Jamaica,09/11/96,Midfielder,175
Dujon Sterling,England,10/24/99,Midfielder,186
Isaiah Brown,England,07/01/97,Forward,182
Julian Speroni,Argentina,05/18/79,Goalkeeper,186
Lucas Perri,Brazil,10/12/97,Goalkeeper,194
Joe Tupper,England,11/15/97,Goalkeeper,
Pape Souaré,Senegal,06/06/90,Defender,178
Bakary Sako,Mali,04/26/88,Midfielder,183
Luke Dreher,England,11/27/98,Midfielder,184
Giovanni McGregor,England,09/01/99,Midfielder,
Sullay Kaikai,Sierra,08/26/95,Midfielder,182
Alexander Sørloth,Norway,05/12/95,Forward,195
Jonathan Williams,Wales,09/10/93,Midfielder,168
Jordon Mutch,England,02/12/91,Midfielder,188
Jason David Ian Puncheon,England,06/18/86,Midfielder,173
Víctor Camarasa,Spain,05/28/94,Midfielder,183
James Daly,England,12/01/00,Forward,
Mateusz Hewelt,Poland,09/23/96,Goalkeeper,186
Idrissa Gueye,Senegal,09/26/89,Midfielder,174
Morgan Schneiderlin,France,08/11/89,Midfielder,181
Jiang Guangtai,China,05/27/94,Defender,181
Cuco Martina,Curacao,09/25/89,Defender,185
Callum Connolly,England,09/23/97,Defender,183
Matthew Pennington,England,06/10/94,Defender,185
Joe Williams,England,08/12/96,Midfielder,185
Luke Garbutt,England,05/21/93,Defender,179
Kevin Mirallas,Belgium,05/10/87,Midfielder,182
Henry Onyekuru,Nigeria,05/06/97,Forward,175
Shani Tarashaj,Switzerland,07/02/95,Forward,176
Oumar Niasse,Senegal,04/18/90,Forward,182
Lewis Gibson,England,07/19/00,Defender,185
Danny Simpson,England,04/01/87,Defender,176
Shinji Okazaki,Japan,04/16/86,Forward,174
Yohan Benalouane,Tunisia,03/28/87,Defender,185
Vicente Iborra,Spain,01/16/88,Midfielder,190
Bartosz Kapustka,Poland,12/23/96,Midfielder,179
Leonardo Ulloa,Argentina,07/26/86,Forward,188
Andy King,Wales,10/29/88,Midfielder,184
Daniel Iversen,Denmark,07/19/97,Goalkeeper,191
Callum Elder,Australia,01/27/95,Defender,180
Adam Leathers,England,11/14/01,Midfielder,
Will Russ,Wales,08/11/02,Forward,
Viktor Johansson,Sweden,09/14/98,Goalkeeper,186
Callum Wright,England,02/05/00,Midfielder,
Terell Pennant,England,09/14/02,Forward,
Layton Ndukwu,England,07/09/98,Forward,177
Calvin Bassey,Nigeria,12/31/99,Defender,185
Elliott Moore,England,03/16/97,Defender,
Simon Mignolet,Belgium,06/03/88,Goalkeeper,193
Alberto Moreno,Spain,05/07/92,Defender,171
Isaac Christie-Davies,Wales,10/18/97,Midfielder,188
Rafael Camacho,Portugal,05/22/00,Midfielder,175
Daniel Sturridge,England,01/09/89,Forward,188
Allan,Brazil,03/03/97,Midfielder,175
Lazar Markovic,Serbia,02/03/94,Midfielder,175
Ragnar Klavan,Estonia,10/30/85,Defender,187
Daniel Atherton,England,12/18/99,Goalkeeper,
George Johnston,Scotland,01/09/98,Defender,181
Paul Glatzel,England,02/20/01,Midfielder,
Ryan Kent,England,11/11/96,Midfielder,172
Bobby Duncan,England,06/26/01,Forward,
Ovie Ejaria,England,11/18/97,Midfielder,183
Pedro Chirivella,Spain,05/23/97,Midfielder,178
Herbie Kane,England,11/23/98,Midfielder,177
Daniel Grimshaw,England,01/16/98,Goalkeeper,185
Danilo,Brazil,07/15/91,Defender,184
Vincent Kompany,Belgium,10/04/86,Defender,193
Eliaquim Mangala,France,02/13/91,Defender,188
Philippe Sandler,Netherlands,10/02/97,Defender,188
Cameron Humphreys-Grant,England,08/22/98,Defender,185
Marlos Moreno,Colombia,09/20/96,Forward,171
Brahim Díaz,Spain,03/08/99,Forward,171
Jason Denayer,Belgium,06/28/95,Defender,184
Daniel Arzani,Australia,04/01/99,Midfielder,171
Patrick Roberts,England,05/02/97,Midfielder,168
Luke Bolton,England,07/10/99,Midfielder,174
Lukas Nmecha,Germany,12/14/98,Forward,185
Angeliño,Spain,04/01/97,Defender,175
Ben Knight,England,06/14/02,Midfielder,
Iker Pozo,Spain,06/08/00,Midfielder,
Aleix García,Spain,06/28/97,Midfielder,173
Nabili Zoubdi Touaizi,Morocco,01/02/01,Forward,
Gavin Bazunu,Ireland,02/20/02,Goalkeeper,189
Slobodan Tedic,Serbia,04/13/00,Forward,190
Antonio Valencia,Ecuador,04/08/85,Defender,180
Matteo Darmian,Italy,02/12/89,Defender,182
Ander Herrera,Spain,08/14/89,Midfielder,182
Angel Gomes,England,08/31/00,Midfielder,161
Joshua Bohui,England,03/03/99,Forward,180
Marouane Fellaini,Belgium,11/22/87,Midfielder,194
Ethan Hamilton,Scotland,10/18/98,Midfielder,187
Kieran O'Hara,Ireland,04/22/96,Goalkeeper,191
Joel Pereira,Portugal,06/28/96,Goalkeeper,188
Largie Ramazani,Belgium,02/27/01,Forward,167
Nathan Harker,England,05/11/98,Goalkeeper,
Freddie Woodman,England,04/03/97,Goalkeeper,188
Antonio Barreca,Italy,03/18/95,Defender,180
Ki Sung-Yeung,South,01/24/89,Midfielder,189
Mohamed Diamé,Senegal,06/14/87,Midfielder,184
Kelland Watts,England,03/11/99,Midfielder,
Joselu,Spain,03/27/90,Forward,192
Callum Roberts,England,04/14/97,Midfielder,
Jack Colback,England,10/24/89,Midfielder,177
Rolando Aarons,England,11/16/95,Midfielder,178
Achraf Lazaar,Morocco,01/22/92,Defender,184
Jamie Sterry,England,11/21/95,Defender,180
Owen Bailey,England,01/22/99,Midfielder,
Jetro Willems,Netherlands,03/30/94,Defender,169
Liam Gibson,England,04/25/97,Defender,185
Peter Keen,England,11/16/76,Goalkeeper,183
Aston Oxborough,England,09/05/98,Goalkeeper,
Ivo Pinto,Portugal,07/01/90,Defender,182
Timm Klose,Switzerland,09/05/88,Defender,193
Felix Passlack,Germany,05/29/98,Defender,170
Philip Heise,Germany,06/20/91,Defender,184
Timi Odusina,England,10/28/99,Defender,
Mario Vrancic,Bosnia,05/23/89,Midfielder,187
Moritz Leitner,Germany,08/12/92,Midfielder,174
Marco Stiepermann,Germany,09/02/91,Midfielder,190
Tom Trybull,Germany,09/03/93,Midfielder,181
Onel Hernández,Cuba,01/02/93,Midfielder,172
Alexander Tettey,Norway,04/04/86,Midfielder,180
Louis Thompson,Wales,12/19/94,Midfielder,180
Todd Cantwell,England,02/27/98,Midfielder,177
Alfie Payne,England,07/10/99,Midfielder,
Jordan Rhodes,Scotland,05/02/90,Forward,185
Dennis Srbeny,Germany,05/05/94,Forward,189
Marcel Franke,Germany,05/04/93,Defender,193
Sean Raggett,England,04/17/93,Defender,181
Josip Drmic,Switzerland,08/08/92,Forward,183
James Husband,England,03/01/94,Defender,179
Ben Marshall,England,03/29/91,Midfielder,183
Nélson Oliveira,Portugal,08/08/91,Forward,186
Yanic-Sonny Wildschut,Suriname,01/11/91,Forward,187
Ralf Fährmann,Germany,09/27/88,Goalkeeper,197
Ibrahim Amadou,France,06/04/93,Midfielder,183
Archie Mair,Scotland,10/02/01,Goalkeeper,198
Akin Famewo,England,09/11/98,Defender,187
Rocky Bushiri,Belgium,11/30/99,Defender,186
Ondrej Duda,Slovakia,05/12/94,Midfielder,181
Josh Martin,England,09/09/01,Midfielder,
Sam McCallum,England,02/09/00,Defender,
Melvin Sitti,France,02/14/00,Midfielder,182
Mason Bloomfield,England,04/11/96,Forward,191
Jordan Thomas,England,02/01/01,Defender,
Daniel Adshead,England,02/09/01,Midfielder,167
Jake Wright,England,11/03/86,Defender,186
Richard Stearman,England,08/19/87,Defender,191
Martin Cranie,England,09/26/86,Defender,183
Paul Coutts,Scotland,07/22/88,Midfielder,183
Mark Duffy,England,07/10/85,Midfielder,175
Marvin Johnson,England,01/12/90,Midfielder,178
Gary Madine,England,08/24/90,Forward,193
Conor Washington,Northern,05/18/92,Forward,178
Ben Heneghan,England,09/19/93,Defender,191
Daniel Lafferty,Northern,05/18/89,Defender,180
Nathan Thomas,England,09/27/94,Midfielder,178
Ricky Holmes,England,06/19/87,Midfielder,173
Samir Carruthers,Ireland,04/04/93,Midfielder,173
Tyler Smith,England,04/12/98,Forward,178
Caolan Lavery,Northern,10/22/92,Forward,180
Ched Evans,Wales,12/28/88,Forward,183
Ravel Morrison,Jamaica,02/02/93,Midfielder,175
David Parkhouse,Northern,10/24/99,Forward,
Panagiotis Retsos,Greece,09/08/98,Defender,186
Josh Sims,England,03/28/97,Midfielder,174
Tyreke Johnson,England,03/11/98,Midfielder,185
Callum Slattery,England,08/02/99,Midfielder,175
Sam Gallagher,England,09/15/95,Forward,194
Marcus Barnes,England,01/12/96,Forward,185
Manolo Gabbiadini,Italy,11/26/91,Forward,181
Steven Davis,Northern,01/01/85,Midfielder,173
Sam McQueen,England,06/02/95,Defender,180
Jake Flannigan,England,02/02/96,Midfielder,180
Jake Hesketh,England,03/27/96,Midfielder,168
Jordy Clasie,Netherlands,06/27/91,Midfielder,169
Jack Bycroft,England,09/21/01,Goalkeeper,
Oludare Olufunwa,England,07/29/01,Defender,
Thomas O'Connor,Ireland,04/21/99,Defender,
Aaron O'Driscoll,Ireland,04/04/99,Defender,188
Christoph Klarer,Austria,06/14/00,Midfielder,191
Kornelius Normann Hansen,Norway,06/05/01,Midfielder,175
Michael Stensgaard,Denmark,01/09/74,Goalkeeper,188
Timothy Eyoma,England,01/29/00,Defender,183
Victor Wanyama,Kenya,06/25/91,Midfielder,188
Luke Amos,England,02/23/97,Midfielder,179
Vincent Janssen,Netherlands,06/15/94,Forward,180
Fernando Llorente,Spain,02/26/85,Forward,193
Kazaiah Sterling,England,09/11/98,Forward,175
Georges-Kévin Nkoudou,France,02/13/95,Midfielder,172
Mousa Dembélé,Belgium,07/16/87,Midfielder,185
Jonathan De Bie,Belgium,05/28/00,Goalkeeper,
Anthony Georgiou,Cyprus,02/24/97,Midfielder,179
Jack Roles,Cyprus,02/26/99,Midfielder,
Heurelho Gomes,Brazil,02/15/81,Goalkeeper,191
Pontus Dahlberg,Sweden,01/21/99,Goalkeeper,194
Daryl Janmaat,Netherlands,07/22/89,Defender,185
Miguel Britos,Uruguay,07/17/85,Defender,188
Sebastian Prödl,Austria,06/21/87,Defender,194
Adrian Mariappa,Jamaica,03/10/86,Defender,180
Marc Navarro,Spain,02/07/95,Defender,188
José Holebas,Greece,06/27/84,Defender,184
Nathaniel Chalobah,England,12/12/94,Midfielder,187
Domingos Quina,Portugal,11/18/99,Midfielder,179
Etienne Capoue,France,11/07/88,Midfielder,189
Roberto Pereyra,Argentina,07/01/91,Midfielder,182
Gerard Deulofeu,Spain,03/13/94,Forward,177
Troy Deeney,England,06/29/88,Forward,183
Isaac Success,Nigeria,07/01/96,Forward,186
Adalberto Peñaranda,Venezuela,05/31/97,Forward,185
Andre Gray,Jamaica,06/26/91,Forward,178
Marvin Zeegelaar,Netherlands,12/08/90,Defender,186
Younes Kaboul,France,04/01/86,Defender,193
Dimitri Foulquier,Guadeloupe,03/23/93,Defender,183
Ben Wilmot,England,04/11/99,Defender,188
Dodi Lukébakio,Belgium,09/24/97,Midfielder,187
Stefano Okaka,Italy,09/08/89,Forward,186
Kane Crichlow,Bermuda,08/21/00,Midfielder,
Harry Forster,England,11/05/00,Midfielder,
Tom Dele-Bashiru,Nigeria,09/17/99,Midfielder,183
Sam Dalby,England,07/12/99,Forward,
Adam Parkes,England,11/30/99,Goalkeeper,
Mason Barrett,England,09/24/99,Defender,
Bayli Spencer-Adams,England,06/26/01,Defender,
Callum Whelan,England,09/24/98,Midfielder,
Joseph Hungbo,England,01/15/00,Midfielder,
Kaylen Hinds,England,01/28/98,Forward,179
Henry Wise,England,01/01/00,Midfielder,174
Jayden Bennetts,England,06/26/01,Midfielder,
Jamal Balogun,England,01/18/00,Defender,
Andi Janjeva,Kosovo,11/10/02,Defender,
Jerome Sinclair,England,09/20/96,Forward,173
Winston Reid,New,03/07/88,Defender,190
Pablo Zabaleta,Argentina,01/16/85,Defender,176
Pedro Obiang,Equatorial,03/27/92,Midfielder,185
Carlos Sánchez,Colombia,06/02/86,Midfielder,182
Samir Nasri,France,06/26/87,Midfielder,175
Marko Arnautovic,Austria,04/19/89,Forward,192
Chicharito,Mexico,01/06/88,Forward,175
Lucas Pérez,Spain,10/09/88,Forward,180
Reece Oxford,England,12/16/98,Defender,193
Joe Powell,England,10/30/98,Midfielder,178
Sead Haksabanovic,Montenegro,04/05/99,Midfielder,173
Edimilson Fernandes,Switzerland,04/15/96,Midfielder,187
Toni Martínez,Spain,06/30/97,Forward,180
Jordan Hugill,England,04/06/92,Forward,183
Daniel Kemp,England,11/01/99,Midfielder,
Elliot Watt,Scotland,11/03/00,Midfielder,175
Pote,Portugal,06/28/98,Midfielder,173
Niall Ennis,England,05/20/99,Forward,180
Joe Mason,England,05/13/91,Forward,178
Léo Bonatini,Brazil,03/28/94,Forward,185
Danny Batth,England,09/21/90,Defender,191
Benny Ashley-Seal,England,11/21/98,Forward,
Paul Gladon,Netherlands,03/18/92,Forward,188
Bright Enobakhare,Nigeria,08/02/98,Forward,178
Benik Afobe,DR,12/02/93,Forward,183
Roderick Miranda,Portugal,03/30/91,Defender,191
Rafa Mir,Spain,06/18/97,Forward,191
Dion Sanderson,England,12/15/99,Defender,
Ed Francis,England,11/09/99,Defender,182
Nathaniel Shio Hong Wan,England,08/17/00,Midfielder,
Jesús Vallejo,Spain,05/01/97,Defender,184
Renat Dadashov,Azerbaijan,05/17/99,Forward,186
Flávio Cristóvão,Portugal,05/23/97,Defender,185
Luke Matheson,England,02/10/02,Defender,
Dejan Iliev,North,02/25/95,Goalkeeper,195
Per Mertesacker,Germany,09/29/84,Defender,198
Jordi Osei-Tutu,England,02/10/98,Defender,176
Santi Cazorla,Spain,12/13/84,Midfielder,168
Vlad Dragomir,Romania,04/24/99,Midfielder,178
Charlie Gilmour,Scotland,11/02/99,Midfielder,171
Jeff Reine-Adélaïde,France,01/17/98,Midfielder,183
Chuba Akpom,England,09/10/95,Forward,183
Adam Federici,Australia,01/31/85,Goalkeeper,188
Brad Smith,Australia,09/04/94,Defender,178
Emerson Hyndman,United,09/04/96,Midfielder,170
Mikael Ndjoli,England,12/16/98,Forward,183
Rhoys Wiggins,Wales,04/11/87,Defender,173
Baily Cargill,England,05/07/95,Defender,189
Shaun Hobson,England,06/29/98,Defender,
Lewis Grabban,England,12/01/88,Forward,183
Ben Whitfield,England,02/28/96,Midfielder,165
Niki Mäenpää,Finland,01/23/85,Goalkeeper,190
Uwe Hünemeier,Germany,09/01/86,Defender,189
Connor Goldson,England,12/18/92,Defender,191
Liam Rosenior,England,09/07/84,Defender,178
Jiri Skalak,Czech,12/03/92,Midfielder,177
Steve Sidwell,England,12/14/82,Midfielder,178
Des Hutchinson,Ireland,05/12/96,Midfielder,
Sam Baldock,England,03/15/89,Forward,170
Rohan Ince,England,08/11/92,Midfielder,191
Richard Towell,Ireland,07/17/91,Forward,173
Dean Marney,England,01/31/84,Midfielder,183
Neil Etheridge,Philippines,07/02/90,Goalkeeper,188
Brian Murphy,Ireland,07/05/83,Goalkeeper,183
Joe Bennett,England,03/28/90,Defender,183
Sean Morrison,England,08/01/91,Defender,193
Bruno Ecuele Manga,Gabon,07/16/88,Defender,186
Jazz Richards,Wales,12/04/91,Defender,185
Sol Bamba,Cote,01/13/85,Defender,190
Gregory Halford,England,08/12/84,Defender,193
Matthew Connolly,England,09/24/87,Defender,188
Callum Paterson,Scotland,10/13/94,Forward,183
Armand Traore,Senegal,08/10/89,Defender,185
Cameron Coxe,Wales,12/18/98,Defender,185
Joe Ralls,England,12/10/93,Midfielder,183
Kadeem Harris,England,08/06/93,Midfielder,175
Liam Feeney,England,04/28/86,Midfielder,183
Anthony Pilkington,Ireland,06/06/88,Midfielder,180
Aron Gunnarsson,Iceland,04/22/89,Midfielder,178
Loïc Damour,France,08/01/91,Midfielder,180
Craig Bryson,Scotland,06/11/86,Midfielder,170
Jamie Ward,Northern,12/05/86,Midfielder,165
Mark Harris,Wales,12/29/98,Midfielder,182
Danny Ward,England,11/12/91,Forward,178
Nathaniel Mendez-Laing,England,04/15/92,Midfielder,180
Frédéric Gounongbe,Benin,01/05/88,Forward,191
Ibrahim Meite,England,07/29/96,Forward,188
Junior Hoilett,Canada,05/06/90,Midfielder,173
Allan McGregor,Scotland,01/31/82,Goalkeeper,183
Greg Cunningham,Ireland,01/31/91,Defender,183
Josh Murphy,England,02/24/95,Midfielder,173
Alex Smithies,England,05/03/90,Goalkeeper,185
Lee Camp,Northern,08/22/84,Goalkeeper,183
Declan John,Wales,06/30/95,Defender,178
Stuart O'Keefe,England,04/03/91,Midfielder,173
Matthew Kennedy,Northern,01/11/94,Midfielder,175
Rhys Healey,England,06/12/94,Forward,180
Ciaron Brown,Northern,01/14/98,Defender,185
Lloyd Humphries,Wales,03/10/97,Midfielder,
Leandro Bacuna,Curacao,08/21/91,Midfielder,187
Emiliano Sala,Argentina,10/31/90,Forward,187
Jack Bodenham,Wales,09/29/99,Defender,
Lee Tomlin,England,12/01/89,Forward,180
Omar Bogle,England,07/26/92,Forward,187
Thibaut Courtois,Belgium,11/05/92,Goalkeeper,199
Eduardo,Portugal,09/19/82,Goalkeeper,187
Kyle Scott,United,12/22/97,Midfielder,172
Eden Hazard,Belgium,07/01/91,Forward,175
Cristián Cuevas,Chile,02/04/95,Defender,173
Jérémie Boga,Cote,03/01/97,Midfielder,172
Charly Musonda,Belgium,10/15/96,Midfielder,173
Jared Thompson,Northern,02/23/99,Goalkeeper,
Bradley Collins,England,02/18/97,Goalkeeper,184
Diego Cavalieri,Brazil,01/12/82,Goalkeeper,189
Dion Henry,England,12/09/97,Goalkeeper,180
Damien Delaney,Ireland,07/20/81,Defender,191
Yohan Cabaye,France,01/14/86,Midfielder,174
Lee Chung-Yong,South,02/07/88,Midfielder,180
Jason Lokilo,DR,09/17/98,Midfielder,175
Erdal Rakip,North,02/13/96,Midfielder,180
Levi Lumeka,England,05/09/98,Forward,170
Joel Robles,Spain,06/17/90,Goalkeeper,195
Ashley Williams,Wales,08/23/84,Defender,183
Ramiro Mori,Argentina,05/03/91,Defender,186
Morgan Feeney,England,08/02/99,Defender,190
Michael Collins,England,09/22/00,Defender,
Davy Klaassen,Netherlands,02/21/93,Midfielder,179
Alex Denny,England,12/04/00,Midfielder,186
Fraser Hornby,Scotland,09/13/99,Midfielder,195
Shayne Lavery,Northern,08/12/98,Forward,
Stephen Duke-McKenna,Guyana,08/17/00,Midfielder,
Marcelo Djaló,Guinea-Bissau,08/10/93,Defender,193
Tayo Edun,England,05/14/98,Midfielder,170
Ibrahima Cissé,Guinea,02/28/94,Midfielder,184
Rui Fonte,Portugal,04/23/90,Forward,179
Floyd Ayité,Togo,12/15/88,Forward,175
Mattias Käit,Estonia,06/29/98,Midfielder,186
Cauley Woodrow,England,02/12/94,Forward,184
Marlon Fossey,United,09/09/98,Defender,180
Moritz Jenz,Germany,04/30/99,Defender,190
Jon Thorsteinsson,Iceland,11/26/98,Midfielder,177
Taye Ashby-Hammond,England,03/21/99,Goalkeeper,186
André Schürrle,Germany,06/11/90,Midfielder,184
Sergio Rico,Spain,01/09/93,Goalkeeper,195
Luciano Vietto,Argentina,05/12/93,Forward,174
Ryan Babel,Netherlands,12/19/86,Midfielder,185
Håvard Nordtveit,Norway,06/21/90,Defender,188
Joel Coleman,England,09/26/95,Goalkeeper,198
Tommy Smith,England,04/14/92,Defender,186
Scott Malone,England,03/25/91,Defender,189
Chris Löwe,Germany,04/16/89,Defender,175
Christopher Schindler,Germany,04/29/90,Defender,188
Jon Stankovic,Slovenia,01/14/96,Defender,190
Florent Hadergjonaj,Kosovo,07/31/94,Defender,182
Jordan Williams,England,10/22/99,Defender,179
Michael Hefele,Germany,01/09/90,Defender,192
Dean Whitehead,England,12/01/82,Midfielder,180
Jonathan Hogg,England,06/12/88,Midfielder,170
Sean Scannell,Ireland,09/17/90,Midfielder,176
Abdelhamid Sabiri,Germany,11/28/96,Midfielder,186
Rajiv van La Parra,Netherlands,04/06/91,Midfielder,181
Danny Williams,United,08/03/89,Midfielder,182
Alex Pritchard,England,03/05/93,Midfielder,171
Tom Ince,England,01/30/92,Midfielder,178
Lewis O'Brien,England,10/14/98,Midfielder,173
Elias Kachunga,DR,04/22/92,Forward,178
Laurent Depoitre,Belgium,07/12/88,Forward,191
Collin Quaner,Germany,06/18/91,Forward,191
Steve Mounié,Benin,09/29/94,Forward,190
Ramadan Sobhi,Egypt,01/23/97,Midfielder,189
Ben Hamer,England,11/20/87,Goalkeeper,192
Juninho Bacuna,Curacao,07/08/97,Midfielder,178
Tareiq Holmes-Dennis,England,10/31/95,Defender,175
Jack Payne,England,10/25/94,Midfielder,165
Jordy Hiwula-Mayifuila,England,09/21/94,Forward,178
Ryan Schofield,England,11/12/99,Goalkeeper,190
Erik Durm,Germany,12/05/92,Defender,182
Adama Diakhaby,France,05/07/96,Forward,184
Rarmani Edmonds-Green,England,01/14/99,Defender,
Samuel Sharrock-Peplow,England,07/14/02,Midfielder,
Isaac Mbenza,Belgium,08/03/96,Midfielder,187
Demeaco Duhaney,England,10/13/98,Defender,180
Matty Daly,England,10/03/01,Midfielder,
Aaron Rowe,England,07/09/00,Midfielder,
Ben Jackson,England,02/22/01,Defender,
Robert Huth,Germany,08/18/84,Defender,191
Aleksandar Dragovic,Austria,06/03/91,Defender,186
Sam Hughes,England,04/15/97,Defender,
Ahmed Musa,Nigeria,10/14/92,Forward,171
Josh Gordon,England,10/10/94,Forward,178
Connor Barrett,England,01/03/02,Midfielder,
Ádám Bogdán,Hungary,09/27/87,Goalkeeper,193
Conor Masterson,Ireland,08/09/98,Defender,
Emre Can,Germany,12/01/94,Midfielder,186
Paulo Alves,Portugal,12/25/97,Midfielder,176
Jon Flanagan,England,01/01/93,Defender,181
Pablo Maffeo,Spain,12/07/97,Defender,172
Yaya Touré,Cote,05/13/83,Midfielder,188
Olarenwaju Kayode,Nigeria,08/05/93,Forward,176
Tyreke Wilson,Ireland,02/12/99,Defender,
Nathanael Ogbeta,England,04/28/01,Defender,
Benjamín Garré,Argentina,11/07/00,Midfielder,172
Rabbi Matondo,Wales,09/09/00,Forward,175
Daley Blind,Netherlands,09/03/90,Defender,180
Michael Carrick,England,07/28/81,Midfielder,188
Demetri Mitchell,England,11/01/97,Defender,181
Ro-Shaun Williams,England,03/09/98,Defender,188
Chancel Mbemba,DR,08/08/94,Defender,182
Massadio Haïdara,Mali,02/12/92,Defender,179
Jesús Gámez,Spain,10/04/85,Defender,177
Mikel Merino,Spain,06/22/96,Midfielder,188
Matz Sels,Belgium,02/26/92,Goalkeeper,191
Stuart Taylor,England,11/28/80,Goalkeeper,198
Jérémy Pied,France,02/23/89,Defender,174
Dusan Tadic,Serbia,11/20/88,Midfielder,181
Alfie Jones,England,07/10/97,Defender,191
Tashan Oakley-Boothe,England,02/14/00,Midfielder,182
Anton Walkes,England,08/02/97,Defender,187
Jonathan Dinzeyi,England,10/13/99,Defender,
Shilow Tracey,England,04/29/98,Midfielder,179
Orestis Karnezis,Greece,11/07/85,Goalkeeper,189
Joy Mukena,England,03/07/99,Defender,
Didier Ndong,Gabon,06/17/94,Midfielder,179
André Carrillo,Peru,06/14/91,Midfielder,182
Costel Pantilimon,Romania,01/02/87,Goalkeeper,203
Brice Dja Djédjé,Cote,12/23/90,Defender,170
Brandon Mason,England,09/30/97,Defender,173
Mauro Zárate,Argentina,03/18/87,Forward,176
Michael Folivi,England,02/25/98,Forward,180
James Collins,Wales,08/23/83,Defender,188
Patrice Evra,France,05/15/81,Defender,174
Josh Pask,England,01/11/97,Defender,187
Vashon Neufville,England,07/18/99,Defender,173
João Mário,Portugal,01/19/93,Midfielder,179
Reece Burke,England,02/09/96,Defender,189
Martin Samuelsen,Norway,04/17/97,Midfielder,189
Moses Makasi,England,09/22/95,Midfielder,
Carl Ikeme,Nigeria,08/06/86,Goalkeeper,188
Harry Burgoyne,England,12/28/96,Goalkeeper,195
Phil Ofosu-Ayeh,Ghana,09/15/91,Defender,181
Alfred N'Diaye,Senegal,06/03/90,Midfielder,193
Jordan Graham,England,05/03/95,Midfielder,182
Sylvain Deslandes,France,04/25/97,Defender,178
Connor Johnson,England,10/03/98,Defender,
Ben Stevenson,England,03/23/97,Midfielder,183
Connor Ronan,Ireland,06/03/98,Midfielder,178
Daniel Armstrong,Scotland,11/10/97,Midfielder,175
Michal Zyro,Poland,09/20/92,Forward,187
Donovan Wilson,England,03/14/97,Forward,180
Prince Alban Oniangué,Congo,04/11/88,Midfielder,190
Cameron John,England,08/24/99,Defender,
Pedro Pereira,Portugal,06/28/98,Midfielder,173
Ethan Ebanks-Landell,England,12/16/92,Defender,188
